30.625,30.9375,31.125,31.9375,32.5625,32.1875,31.625,31.8125,32.0,32.375,33.25,32.875,33.25,33.25,33.125,33.875,34.9375,36.5625,37.875,37.25,36.6875,36.4375,35.5625,35.3125,36.25,35.5,35.9375,35.9375,36.125,36.9375,36.5625
32.375,33.25,32.875,33.25,33.25,33.125,33.875,34.9375,36.5625,37.875,37.25,36.6875,36.4375,35.5625,35.3125,36.25,35.5,35.9375,35.9375,36.125,36.9375,36.5625,36.9375,36.6875,35.625,36.0625,36.1875,36.8125,36.5625,37.25,36.875
36.25,35.5,35.9375,35.9375,36.125,36.9375,36.5625,36.9375,36.6875,35.625,36.0625,36.1875,36.8125,36.5625,37.25,36.875,36.8125,36.4375,36.6875,36.75,36.0625,35.1875,35.25,35.0,34.5625,35.4375,35.59375,35.625,34.9375,35.625,35.4375
36.4375,36.6875,36.75,36.0625,35.1875,35.25,35.0,34.5625,35.4375,35.59375,35.625,34.9375,35.625,35.4375,35.375,35.25,35.3125,34.9375,35.0,35.5,34.6875,35.5625,34.5625,33.75,34.875,34.8125,34.5625,34.875,35.25,35.8125,35.875
35.625,36.0625,36.1875,36.8125,36.5625,37.25,36.875,36.8125,36.4375,36.6875,36.75,36.0625,35.1875,35.25,35.0,34.5625,35.4375,35.59375,35.625,34.9375,35.625,35.4375,35.375,35.25,35.3125,34.9375,35.0,35.5,34.6875,35.5625,34.5625
38.6875,39.0625,39.125,39.4375,40.0,40.0625,40.125,38.875,38.4375,38.0625,38.125,38.1875,37.875,37.8125,38.8125,40.4375,39.75,40.625,41.0625,40.8125,40.875,40.75,40.875,41.6875,41.875,41.8125,41.125,41.375,42.0,42.9375,42.8125
43.29999923706055,43.25,44.08000183105469,44.599998474121094,44.29999923706055,44.36000061035156,44.4900016784668,44.599998474121094,44.18000030517578,44.290000915527344,43.77000045776367,42.779998779296875,42.400001525878906,42.900001525878906,43.209999084472656,43.58000183105469,43.09000015258789,41.75,42.650001525878906,42.599998474121094,43.150001525878906,43.20000076293945,41.97999954223633,42.189998626708984,41.900001525878906,42.31999969482422,42.72999954223633,42.75,42.70000076293945,43.45000076293945,42.63999938964844
42.36000061035156,42.0,41.70000076293945,41.09000015258789,40.849998474121094,40.349998474121094,40.029998779296875,40.439998626708984,39.66999816894531,38.599998474121094,37.70000076293945,38.650001525878906,39.290000915527344,39.130001068115234,39.290000915527344,39.290000915527344,39.72999954223633,40.220001220703125,40.400001525878906,39.52000045776367,39.65999984741211,39.11000061035156,39.58000183105469,39.959999084472656,39.650001525878906,39.70000076293945,39.45000076293945,39.779998779296875,39.900001525878906,40.0099983215332,40.54999923706055
38.849998474121094,37.95000076293945,37.9900016784668,37.33000183105469,37.099998474121094,38.400001525878906,38.91999816894531,39.709999084472656,40.560001373291016,40.650001525878906,41.25,40.779998779296875,39.79999923706055,39.900001525878906,39.099998474121094,39.02000045776367,39.029998779296875,39.40999984741211,39.75,39.400001525878906,39.650001525878906,39.7400016784668,39.79999923706055,39.529998779296875,40.25,39.70000076293945,39.56999969482422,40.20000076293945,40.099998474121094,40.400001525878906,40.119998931884766
39.79999923706055,39.529998779296875,40.25,39.70000076293945,39.56999969482422,40.20000076293945,40.099998474121094,40.400001525878906,40.119998931884766,41.150001525878906,41.650001525878906,41.34000015258789,42.0,42.2599983215332,42.06999969482422,42.150001525878906,41.11000061035156,40.41999816894531,40.61000061035156,40.540000915527344,41.16999816894531,40.43000030517578,40.720001220703125,41.0,40.9900016784668,40.29999923706055,40.63999938964844,40.880001068115234,41.060001373291016,41.20000076293945,41.279998779296875
39.7400016784668,39.79999923706055,39.529998779296875,40.25,39.70000076293945,39.56999969482422,40.20000076293945,40.099998474121094,40.400001525878906,40.119998931884766,41.150001525878906,41.650001525878906,41.34000015258789,42.0,42.2599983215332,42.06999969482422,42.150001525878906,41.11000061035156,40.41999816894531,40.61000061035156,40.540000915527344,41.16999816894531,40.43000030517578,40.720001220703125,41.0,40.9900016784668,40.29999923706055,40.63999938964844,40.880001068115234,41.060001373291016,41.20000076293945
41.34000015258789,42.0,42.2599983215332,42.06999969482422,42.150001525878906,41.11000061035156,40.41999816894531,40.61000061035156,40.540000915527344,41.16999816894531,40.43000030517578,40.720001220703125,41.0,40.9900016784668,40.29999923706055,40.63999938964844,40.880001068115234,41.060001373291016,41.20000076293945,41.279998779296875,40.4900016784668,40.880001068115234,40.099998474121094,39.31999969482422,39.66999816894531,40.0,40.31999969482422,40.060001373291016,40.939998626708984,41.79999923706055,41.27000045776367
42.189998626708984,42.20000076293945,42.349998474121094,42.16999816894531,42.459999084472656,42.150001525878906,42.900001525878906,42.099998474121094,42.189998626708984,41.79999923706055,42.04999923706055,42.13999938964844,42.38999938964844,42.58000183105469,42.540000915527344,42.849998474121094,42.72999954223633,42.31999969482422,41.900001525878906,41.599998474121094,41.7599983215332,41.880001068115234,41.900001525878906,42.0,42.20000076293945,42.209999084472656,42.7400016784668,42.77000045776367,42.650001525878906,43.02000045776367,43.54999923706055
43.27000045776367,43.400001525878906,43.9900016784668,44.150001525878906,44.97999954223633,45.130001068115234,44.849998474121094,44.599998474121094,44.02000045776367,43.56999969482422,43.720001220703125,42.77000045776367,43.0,42.66999816894531,41.220001220703125,40.47999954223633,40.97999954223633,40.9900016784668,41.4900016784668,41.540000915527344,41.290000915527344,41.70000076293945,42.150001525878906,41.77000045776367,41.97999954223633,42.349998474121094,41.9900016784668,41.70000076293945,41.86000061035156,42.45000076293945,43.0099983215332
40.029998779296875,40.150001525878906,41.369998931884766,40.060001373291016,40.27000045776367,39.810001373291016,37.97999954223633,38.65999984741211,36.54999923706055,39.75,41.72999954223633,41.209999084472656,41.5,43.83000183105469,43.70000076293945,43.029998779296875,42.91999816894531,43.06999969482422,43.880001068115234,44.0,44.20000076293945,44.189998626708984,44.9900016784668,43.630001068115234,44.5,44.04999923706055,43.939998626708984,43.9900016784668,44.02000045776367,44.77000045776367,44.72999954223633
44.0,44.20000076293945,44.189998626708984,44.9900016784668,43.630001068115234,44.5,44.04999923706055,43.939998626708984,43.9900016784668,44.02000045776367,44.77000045776367,44.72999954223633,44.0099983215332,44.439998626708984,44.349998474121094,44.45000076293945,43.7599983215332,44.04999923706055,42.849998474121094,42.20000076293945,42.66999816894531,43.41999816894531,42.7599983215332,42.2400016784668,42.08000183105469,40.900001525878906,41.72999954223633,42.040000915527344,41.150001525878906,42.529998779296875,42.5099983215332
44.04999923706055,43.939998626708984,43.9900016784668,44.02000045776367,44.77000045776367,44.72999954223633,44.0099983215332,44.439998626708984,44.349998474121094,44.45000076293945,43.7599983215332,44.04999923706055,42.849998474121094,42.20000076293945,42.66999816894531,43.41999816894531,42.7599983215332,42.2400016784668,42.08000183105469,40.900001525878906,41.72999954223633,42.040000915527344,41.150001525878906,42.529998779296875,42.5099983215332,42.06999969482422,41.650001525878906,41.0099983215332,41.75,42.849998474121094,41.880001068115234
40.47999954223633,40.45000076293945,40.2599983215332,40.38999938964844,40.619998931884766,40.310001373291016,40.4900016784668,40.400001525878906,40.5,41.349998474121094,41.060001373291016,41.25,40.0,39.65999984741211,39.88999938964844,39.2599983215332,39.900001525878906,39.91999816894531,40.22999954223633,40.290000915527344,40.25,40.290000915527344,40.52000045776367,41.130001068115234,41.20000076293945,41.130001068115234,41.36000061035156,41.349998474121094,41.29999923706055,42.0,40.970001220703125
42.2400016784668,42.08000183105469,40.900001525878906,41.72999954223633,42.040000915527344,41.150001525878906,42.529998779296875,42.5099983215332,42.06999969482422,41.650001525878906,41.0099983215332,41.75,42.849998474121094,41.880001068115234,41.650001525878906,42.400001525878906,41.779998779296875,41.869998931884766,41.099998474121094,41.27000045776367,40.900001525878906,38.7599983215332,40.869998931884766,41.0,41.04999923706055,41.369998931884766,40.75,41.349998474121094,40.79999923706055,41.5099983215332,40.47999954223633
42.86000061035156,44.689998626708984,43.150001525878906,43.22999954223633,42.27000045776367,41.9900016784668,41.150001525878906,40.70000076293945,41.349998474121094,41.279998779296875,41.060001373291016,40.79999923706055,40.599998474121094,40.75,40.040000915527344,39.06999969482422,39.599998474121094,39.7400016784668,39.400001525878906,39.33000183105469,39.70000076293945,39.310001373291016,39.29999923706055,39.290000915527344,38.43000030517578,38.95000076293945,38.06999969482422,37.95000076293945,38.79999923706055,39.7400016784668,39.79999923706055
39.290000915527344,38.43000030517578,38.95000076293945,38.06999969482422,37.95000076293945,38.79999923706055,39.7400016784668,39.79999923706055,39.349998474121094,39.2599983215332,39.5,38.900001525878906,39.310001373291016,38.779998779296875,38.95000076293945,38.9900016784668,39.13999938964844,38.880001068115234,39.2599983215332,39.400001525878906,39.380001068115234,38.75,38.349998474121094,38.13999938964844,38.43000030517578,38.75,39.52000045776367,39.43000030517578,39.540000915527344,39.810001373291016,40.0
38.9900016784668,39.13999938964844,38.880001068115234,39.2599983215332,39.400001525878906,39.380001068115234,38.75,38.349998474121094,38.13999938964844,38.43000030517578,38.75,39.52000045776367,39.43000030517578,39.540000915527344,39.810001373291016,40.0,39.189998626708984,39.5099983215332,39.20000076293945,39.2599983215332,39.2400016784668,39.04999923706055,39.189998626708984,39.29999923706055,39.20000076293945,39.779998779296875,39.70000076293945,39.86000061035156,39.599998474121094,40.0,39.72999954223633
42.79999923706055,42.54999923706055,42.63999938964844,42.540000915527344,42.540000915527344,42.4900016784668,42.5,42.75,43.099998474121094,43.060001373291016,43.25,42.91999816894531,42.400001525878906,42.5,42.349998474121094,42.439998626708984,42.220001220703125,42.63999938964844,42.400001525878906,42.70000076293945,42.58000183105469,42.599998474121094,42.81999969482422,42.630001068115234,42.70000076293945,42.959999084472656,43.060001373291016,42.90999984741211,43.09000015258789,43.5,43.5
42.56999969482422,42.619998931884766,42.650001525878906,42.45000076293945,42.209999084472656,41.939998626708984,41.7599983215332,41.689998626708984,41.65999984741211,40.91999816894531,41.27000045776367,41.65999984741211,41.77000045776367,41.72999954223633,42.38999938964844,42.34000015258789,42.4900016784668,42.619998931884766,42.29999923706055,42.349998474121094,43.040000915527344,42.79999923706055,42.54999923706055,42.63999938964844,42.540000915527344,42.540000915527344,42.4900016784668,42.5,42.75,43.099998474121094,43.060001373291016
42.79999923706055,42.54999923706055,42.63999938964844,42.540000915527344,42.540000915527344,42.4900016784668,42.5,42.75,43.099998474121094,43.060001373291016,43.25,42.91999816894531,42.400001525878906,42.5,42.349998474121094,42.439998626708984,42.220001220703125,42.63999938964844,42.400001525878906,42.70000076293945,42.58000183105469,42.599998474121094,42.81999969482422,42.630001068115234,42.70000076293945,42.959999084472656,43.060001373291016,42.90999984741211,43.09000015258789,43.5,43.5
45.97999954223633,46.099998474121094,46.380001068115234,47.33000183105469,47.529998779296875,47.52000045776367,47.11000061035156,47.150001525878906,47.869998931884766,48.20000076293945,48.290000915527344,47.959999084472656,47.56999969482422,46.310001373291016,46.119998931884766,46.279998779296875,46.599998474121094,46.79999923706055,46.90999984741211,46.5,46.34000015258789,46.54999923706055,46.5,46.650001525878906,46.25,46.29999923706055,46.220001220703125,46.34000015258789,46.650001525878906,47.400001525878906,47.880001068115234
43.720001220703125,43.06999969482422,42.959999084472656,43.09000015258789,42.90999984741211,43.22999954223633,43.209999084472656,43.150001525878906,43.25,43.77000045776367,43.689998626708984,44.0,43.91999816894531,43.79999923706055,43.709999084472656,43.08000183105469,42.959999084472656,42.439998626708984,42.83000183105469,42.959999084472656,42.91999816894531,42.88999938964844,42.779998779296875,42.56999969482422,42.68000030517578,43.119998931884766,43.349998474121094,43.5099983215332,43.70000076293945,44.52000045776367,44.18000030517578
46.790000915527344,46.86000061035156,46.79999923706055,46.790000915527344,46.290000915527344,45.61000061035156,45.7400016784668,46.18000030517578,46.06999969482422,46.130001068115234,45.939998626708984,46.599998474121094,46.72999954223633,46.56999969482422,46.79999923706055,46.72999954223633,46.150001525878906,46.279998779296875,46.119998931884766,46.18000030517578,45.970001220703125,46.150001525878906,46.38999938964844,46.45000076293945,46.619998931884766,46.650001525878906,46.2599983215332,46.45000076293945,46.439998626708984,47.0,46.349998474121094
46.349998474121094,46.560001373291016,46.79999923706055,46.650001525878906,46.27000045776367,46.2400016784668,46.16999816894531,47.0099983215332,47.86000061035156,48.439998626708984,47.779998779296875,47.650001525878906,48.0,48.11000061035156,47.459999084472656,48.349998474121094,49.380001068115234,48.630001068115234,48.70000076293945,49.09000015258789,48.849998474121094,49.2400016784668,49.29999923706055,49.0099983215332,49.0099983215332,48.4900016784668,48.779998779296875,48.79999923706055,49.2599983215332,49.52000045776367,49.529998779296875
48.56999969482422,49.09000015258789,49.20000076293945,49.70000076293945,49.720001220703125,49.54999923706055,49.650001525878906,49.75,49.790000915527344,49.63999938964844,49.25,49.599998474121094,49.7599983215332,50.150001525878906,50.13999938964844,49.209999084472656,48.81999969482422,48.380001068115234,48.869998931884766,48.849998474121094,49.290000915527344,49.06999969482422,49.25,49.25,49.5099983215332,49.849998474121094,49.91999816894531,49.91999816894531,49.38999938964844,50.0099983215332,49.470001220703125
49.54999923706055,49.650001525878906,49.75,49.790000915527344,49.63999938964844,49.25,49.599998474121094,49.7599983215332,50.150001525878906,50.13999938964844,49.209999084472656,48.81999969482422,48.380001068115234,48.869998931884766,48.849998474121094,49.290000915527344,49.06999969482422,49.25,49.25,49.5099983215332,49.849998474121094,49.91999816894531,49.91999816894531,49.38999938964844,50.0099983215332,49.470001220703125,49.869998931884766,49.70000076293945,49.79999923706055,50.119998931884766,50.79999923706055
51.630001068115234,51.63999938964844,51.2599983215332,51.83000183105469,51.29999923706055,51.08000183105469,49.95000076293945,50.279998779296875,49.5,50.349998474121094,50.029998779296875,49.560001373291016,49.709999084472656,49.34000015258789,49.189998626708984,48.09000015258789,48.13999938964844,48.29999923706055,48.209999084472656,47.720001220703125,48.52000045776367,49.0099983215332,49.060001373291016,49.150001525878906,49.59000015258789,50.040000915527344,50.220001220703125,49.83000183105469,50.2599983215332,50.88999938964844,50.83000183105469
54.869998931884766,55.11000061035156,54.939998626708984,54.72999954223633,55.2599983215332,55.97999954223633,55.619998931884766,55.04999923706055,55.849998474121094,56.220001220703125,55.970001220703125,54.88999938964844,53.869998931884766,54.380001068115234,54.5099983215332,54.70000076293945,54.75,54.84000015258789,53.900001525878906,53.65999984741211,53.849998474121094,54.34000015258789,54.2599983215332,54.58000183105469,54.02000045776367,54.400001525878906,54.15999984741211,54.56999969482422,54.599998474121094,54.93000030517578,55.810001373291016
55.63999938964844,54.869998931884766,55.11000061035156,54.939998626708984,54.72999954223633,55.2599983215332,55.97999954223633,55.619998931884766,55.04999923706055,55.849998474121094,56.220001220703125,55.970001220703125,54.88999938964844,53.869998931884766,54.380001068115234,54.5099983215332,54.70000076293945,54.75,54.84000015258789,53.900001525878906,53.65999984741211,53.849998474121094,54.34000015258789,54.2599983215332,54.58000183105469,54.02000045776367,54.400001525878906,54.15999984741211,54.56999969482422,54.599998474121094,54.93000030517578
54.83000183105469,55.25,55.7400016784668,56.290000915527344,55.779998779296875,55.5,53.90999984741211,52.849998474121094,52.88999938964844,52.790000915527344,53.189998626708984,53.63999938964844,53.88999938964844,53.4900016784668,53.83000183105469,52.97999954223633,52.15999984741211,51.86000061035156,52.09000015258789,51.349998474121094,51.130001068115234,50.88999938964844,49.93000030517578,50.43000030517578,51.0099983215332,50.349998474121094,50.65999984741211,49.869998931884766,50.22999954223633,52.06999969482422,52.130001068115234
50.43000030517578,51.0099983215332,50.349998474121094,50.65999984741211,49.869998931884766,50.22999954223633,52.06999969482422,52.130001068115234,51.439998626708984,51.099998474121094,52.06999969482422,52.599998474121094,51.63999938964844,51.75,51.66999816894531,51.599998474121094,51.09000015258789,51.2400016784668,51.70000076293945,51.81999969482422,51.61000061035156,51.040000915527344,50.869998931884766,51.040000915527344,51.88999938964844,51.650001525878906,51.790000915527344,52.0099983215332,52.41999816894531,52.91999816894531,53.029998779296875
52.09000015258789,51.349998474121094,51.130001068115234,50.88999938964844,49.93000030517578,50.43000030517578,51.0099983215332,50.349998474121094,50.65999984741211,49.869998931884766,50.22999954223633,52.06999969482422,52.130001068115234,51.439998626708984,51.099998474121094,52.06999969482422,52.599998474121094,51.63999938964844,51.75,51.66999816894531,51.599998474121094,51.09000015258789,51.2400016784668,51.70000076293945,51.81999969482422,51.61000061035156,51.040000915527344,50.869998931884766,51.040000915527344,51.88999938964844,51.650001525878906
51.560001373291016,51.18000030517578,51.31999969482422,51.5099983215332,51.34000015258789,51.70000076293945,52.31999969482422,52.31999969482422,52.27000045776367,51.720001220703125,51.900001525878906,51.5099983215332,51.7400016784668,51.7400016784668,51.7599983215332,51.810001373291016,51.58000183105469,51.2400016784668,51.86000061035156,51.599998474121094,51.15999984741211,51.90999984741211,51.65999984741211,51.619998931884766,51.099998474121094,50.77000045776367,51.029998779296875,51.560001373291016,51.65999984741211,52.369998931884766,51.95000076293945
52.41999816894531,52.91999816894531,53.029998779296875,52.95000076293945,52.459999084472656,52.560001373291016,52.900001525878906,51.93000030517578,51.560001373291016,51.18000030517578,51.31999969482422,51.5099983215332,51.34000015258789,51.70000076293945,52.31999969482422,52.31999969482422,52.27000045776367,51.720001220703125,51.900001525878906,51.5099983215332,51.7400016784668,51.7400016784668,51.7599983215332,51.810001373291016,51.58000183105469,51.2400016784668,51.86000061035156,51.599998474121094,51.15999984741211,51.90999984741211,51.65999984741211
51.560001373291016,51.18000030517578,51.31999969482422,51.5099983215332,51.34000015258789,51.70000076293945,52.31999969482422,52.31999969482422,52.27000045776367,51.720001220703125,51.900001525878906,51.5099983215332,51.7400016784668,51.7400016784668,51.7599983215332,51.810001373291016,51.58000183105469,51.2400016784668,51.86000061035156,51.599998474121094,51.15999984741211,51.90999984741211,51.65999984741211,51.619998931884766,51.099998474121094,50.77000045776367,51.029998779296875,51.560001373291016,51.65999984741211,52.369998931884766,51.95000076293945
51.619998931884766,51.099998474121094,50.77000045776367,51.029998779296875,51.560001373291016,51.65999984741211,52.369998931884766,51.95000076293945,51.9900016784668,52.52000045776367,51.47999954223633,51.5099983215332,51.31999969482422,50.880001068115234,50.7599983215332,51.209999084472656,50.650001525878906,50.18000030517578,50.279998779296875,50.20000076293945,50.25,50.400001525878906,50.689998626708984,50.599998474121094,49.9900016784668,50.04999923706055,50.099998474121094,50.15999984741211,50.540000915527344,51.119998931884766,51.0099983215332
49.869998931884766,50.31999969482422,50.65999984741211,50.880001068115234,50.56999969482422,50.22999954223633,50.619998931884766,50.560001373291016,50.25,50.22999954223633,50.290000915527344,49.970001220703125,49.9900016784668,50.099998474121094,50.130001068115234,50.18000030517578,50.709999084472656,50.5,50.97999954223633,50.619998931884766,50.220001220703125,50.77000045776367,50.810001373291016,51.0099983215332,50.72999954223633,50.58000183105469,50.31999969482422,50.709999084472656,50.560001373291016,51.22999954223633,51.709999084472656
51.0099983215332,51.130001068115234,51.279998779296875,50.66999816894531,50.380001068115234,50.13999938964844,50.61000061035156,49.27000045776367,49.09000015258789,49.2400016784668,50.04999923706055,50.41999816894531,50.349998474121094,50.68000030517578,50.439998626708984,51.060001373291016,50.83000183105469,50.29999923706055,49.95000076293945,50.369998931884766,50.5,50.529998779296875,50.20000076293945,50.45000076293945,50.68000030517578,50.310001373291016,49.81999969482422,50.11000061035156,50.41999816894531,51.13999938964844,50.15999984741211
50.369998931884766,49.61000061035156,49.86000061035156,49.65999984741211,49.65999984741211,50.43000030517578,50.099998474121094,49.5099983215332,49.939998626708984,49.279998779296875,48.619998931884766,49.13999938964844,48.72999954223633,48.189998626708984,48.040000915527344,48.75,49.459999084472656,48.400001525878906,49.11000061035156,49.31999969482422,49.4900016784668,48.849998474121094,49.4900016784668,49.97999954223633,50.54999923706055,49.9900016784668,50.09000015258789,49.869998931884766,50.31999969482422,50.65999984741211,50.880001068115234
50.529998779296875,50.20000076293945,50.45000076293945,50.68000030517578,50.310001373291016,49.81999969482422,50.11000061035156,50.41999816894531,51.13999938964844,50.15999984741211,49.63999938964844,49.59000015258789,49.130001068115234,49.65999984741211,49.40999984741211,49.63999938964844,50.38999938964844,50.22999954223633,50.369998931884766,50.279998779296875,50.599998474121094,49.81999969482422,49.349998474121094,50.29999923706055,50.369998931884766,49.61000061035156,49.86000061035156,49.65999984741211,49.65999984741211,50.43000030517578,50.099998474121094
50.279998779296875,50.599998474121094,49.81999969482422,49.349998474121094,50.29999923706055,50.369998931884766,49.61000061035156,49.86000061035156,49.65999984741211,49.65999984741211,50.43000030517578,50.099998474121094,49.5099983215332,49.939998626708984,49.279998779296875,48.619998931884766,49.13999938964844,48.72999954223633,48.189998626708984,48.040000915527344,48.75,49.459999084472656,48.400001525878906,49.11000061035156,49.31999969482422,49.4900016784668,48.849998474121094,49.4900016784668,49.97999954223633,50.54999923706055,49.9900016784668
49.63999938964844,50.38999938964844,50.22999954223633,50.369998931884766,50.279998779296875,50.599998474121094,49.81999969482422,49.349998474121094,50.29999923706055,50.369998931884766,49.61000061035156,49.86000061035156,49.65999984741211,49.65999984741211,50.43000030517578,50.099998474121094,49.5099983215332,49.939998626708984,49.279998779296875,48.619998931884766,49.13999938964844,48.72999954223633,48.189998626708984,48.040000915527344,48.75,49.459999084472656,48.400001525878906,49.11000061035156,49.31999969482422,49.4900016784668,48.849998474121094
50.22999954223633,50.369998931884766,50.279998779296875,50.599998474121094,49.81999969482422,49.349998474121094,50.29999923706055,50.369998931884766,49.61000061035156,49.86000061035156,49.65999984741211,49.65999984741211,50.43000030517578,50.099998474121094,49.5099983215332,49.939998626708984,49.279998779296875,48.619998931884766,49.13999938964844,48.72999954223633,48.189998626708984,48.040000915527344,48.75,49.459999084472656,48.400001525878906,49.11000061035156,49.31999969482422,49.4900016784668,48.849998474121094,49.4900016784668,49.97999954223633
49.459999084472656,48.400001525878906,49.11000061035156,49.31999969482422,49.4900016784668,48.849998474121094,49.4900016784668,49.97999954223633,50.54999923706055,49.9900016784668,50.09000015258789,49.869998931884766,50.31999969482422,50.65999984741211,50.880001068115234,50.56999969482422,50.22999954223633,50.619998931884766,50.560001373291016,50.25,50.22999954223633,50.290000915527344,49.970001220703125,49.9900016784668,50.099998474121094,50.130001068115234,50.18000030517578,50.709999084472656,50.5,50.97999954223633,50.619998931884766
48.849998474121094,49.4900016784668,49.97999954223633,50.54999923706055,49.9900016784668,50.09000015258789,49.869998931884766,50.31999969482422,50.65999984741211,50.880001068115234,50.56999969482422,50.22999954223633,50.619998931884766,50.560001373291016,50.25,50.22999954223633,50.290000915527344,49.970001220703125,49.9900016784668,50.099998474121094,50.130001068115234,50.18000030517578,50.709999084472656,50.5,50.97999954223633,50.619998931884766,50.220001220703125,50.77000045776367,50.810001373291016,51.0099983215332,50.72999954223633
52.459999084472656,52.09000015258789,52.16999816894531,52.41999816894531,52.119998931884766,52.349998474121094,52.09000015258789,52.880001068115234,52.529998779296875,52.70000076293945,52.880001068115234,52.75,52.59000015258789,52.900001525878906,52.790000915527344,53.369998931884766,53.34000015258789,52.790000915527344,52.810001373291016,52.540000915527344,52.68000030517578,52.779998779296875,52.4900016784668,52.77000045776367,52.779998779296875,52.849998474121094,52.72999954223633,52.58000183105469,52.95000076293945,53.459999084472656,54.029998779296875
54.0,53.84000015258789,53.11000061035156,53.15999984741211,53.34000015258789,53.290000915527344,53.349998474121094,53.06999969482422,53.0,53.0,52.72999954223633,53.0,52.95000076293945,52.939998626708984,53.2599983215332,52.86000061035156,53.220001220703125,52.79999923706055,52.849998474121094,53.11000061035156,53.540000915527344,53.689998626708984,53.93000030517578,54.040000915527344,53.849998474121094,54.130001068115234,53.9900016784668,54.150001525878906,54.54999923706055,54.88999938964844,53.5
53.72999954223633,54.0,53.84000015258789,53.11000061035156,53.15999984741211,53.34000015258789,53.290000915527344,53.349998474121094,53.06999969482422,53.0,53.0,52.72999954223633,53.0,52.95000076293945,52.939998626708984,53.2599983215332,52.86000061035156,53.220001220703125,52.79999923706055,52.849998474121094,53.11000061035156,53.540000915527344,53.689998626708984,53.93000030517578,54.040000915527344,53.849998474121094,54.130001068115234,53.9900016784668,54.150001525878906,54.54999923706055,54.88999938964844
53.9900016784668,54.08000183105469,53.9900016784668,53.72999954223633,54.0,53.84000015258789,53.11000061035156,53.15999984741211,53.34000015258789,53.290000915527344,53.349998474121094,53.06999969482422,53.0,53.0,52.72999954223633,53.0,52.95000076293945,52.939998626708984,53.2599983215332,52.86000061035156,53.220001220703125,52.79999923706055,52.849998474121094,53.11000061035156,53.540000915527344,53.689998626708984,53.93000030517578,54.040000915527344,53.849998474121094,54.130001068115234,53.9900016784668
50.43000030517578,49.599998474121094,49.59000015258789,49.68000030517578,48.7400016784668,49.22999954223633,50.310001373291016,50.709999084472656,50.029998779296875,50.630001068115234,50.630001068115234,50.619998931884766,51.150001525878906,51.150001525878906,50.29999923706055,50.91999816894531,50.90999984741211,50.52000045776367,50.47999954223633,50.15999984741211,50.84000015258789,50.650001525878906,50.470001220703125,50.61000061035156,50.59000015258789,50.900001525878906,50.97999954223633,50.5099983215332,50.20000076293945,51.18000030517578,52.45000076293945
50.86000061035156,50.2599983215332,50.119998931884766,50.43000030517578,49.599998474121094,49.59000015258789,49.68000030517578,48.7400016784668,49.22999954223633,50.310001373291016,50.709999084472656,50.029998779296875,50.630001068115234,50.630001068115234,50.619998931884766,51.150001525878906,51.150001525878906,50.29999923706055,50.91999816894531,50.90999984741211,50.52000045776367,50.47999954223633,50.15999984741211,50.84000015258789,50.650001525878906,50.470001220703125,50.61000061035156,50.59000015258789,50.900001525878906,50.97999954223633,50.5099983215332
50.43000030517578,49.599998474121094,49.59000015258789,49.68000030517578,48.7400016784668,49.22999954223633,50.310001373291016,50.709999084472656,50.029998779296875,50.630001068115234,50.630001068115234,50.619998931884766,51.150001525878906,51.150001525878906,50.29999923706055,50.91999816894531,50.90999984741211,50.52000045776367,50.47999954223633,50.15999984741211,50.84000015258789,50.650001525878906,50.470001220703125,50.61000061035156,50.59000015258789,50.900001525878906,50.97999954223633,50.5099983215332,50.20000076293945,51.18000030517578,52.45000076293945
53.86000061035156,53.86000061035156,53.90999984741211,54.439998626708984,54.33000183105469,54.45000076293945,53.720001220703125,54.369998931884766,54.25,54.34000015258789,54.93000030517578,54.619998931884766,54.439998626708984,54.06999969482422,53.900001525878906,53.54999923706055,52.290000915527344,51.900001525878906,52.130001068115234,52.45000076293945,53.06999969482422,52.77000045776367,51.86000061035156,51.0099983215332,50.5099983215332,48.939998626708984,49.189998626708984,49.619998931884766,49.0099983215332,50.099998474121094,49.97999954223633
52.77000045776367,51.86000061035156,51.0099983215332,50.5099983215332,48.939998626708984,49.189998626708984,49.619998931884766,49.0099983215332,50.099998474121094,49.97999954223633,50.43000030517578,50.060001373291016,49.970001220703125,48.7599983215332,48.970001220703125,48.5,48.470001220703125,48.619998931884766,49.18000030517578,48.709999084472656,49.0099983215332,50.130001068115234,50.150001525878906,49.849998474121094,49.58000183105469,49.810001373291016,49.209999084472656,49.459999084472656,50.15999984741211,50.88999938964844,50.040000915527344
53.06999969482422,52.77000045776367,51.86000061035156,51.0099983215332,50.5099983215332,48.939998626708984,49.189998626708984,49.619998931884766,49.0099983215332,50.099998474121094,49.97999954223633,50.43000030517578,50.060001373291016,49.970001220703125,48.7599983215332,48.970001220703125,48.5,48.470001220703125,48.619998931884766,49.18000030517578,48.709999084472656,49.0099983215332,50.130001068115234,50.150001525878906,49.849998474121094,49.58000183105469,49.810001373291016,49.209999084472656,49.459999084472656,50.15999984741211,50.88999938964844
48.619998931884766,49.18000030517578,48.709999084472656,49.0099983215332,50.130001068115234,50.150001525878906,49.849998474121094,49.58000183105469,49.810001373291016,49.209999084472656,49.459999084472656,50.15999984741211,50.88999938964844,50.040000915527344,50.5099983215332,51.81999969482422,52.54999923706055,51.5,51.72999954223633,50.189998626708984,50.560001373291016,49.040000915527344,48.7599983215332,48.4900016784668,47.97999954223633,49.79999923706055,49.0099983215332,47.540000915527344,48.470001220703125,49.88999938964844,51.25
49.79999923706055,49.0099983215332,47.540000915527344,48.470001220703125,49.88999938964844,51.25,51.220001220703125,51.36000061035156,49.79999923706055,48.439998626708984,48.33000183105469,49.20000076293945,50.36000061035156,50.25,50.45000076293945,50.650001525878906,51.20000076293945,51.04999923706055,50.13999938964844,49.540000915527344,50.7400016784668,50.56999969482422,50.779998779296875,51.16999816894531,50.689998626708984,51.02000045776367,50.619998931884766,50.400001525878906,50.7599983215332,51.38999938964844,51.68000030517578
53.63999938964844,53.58000183105469,54.060001373291016,52.959999084472656,53.13999938964844,53.5,53.90999984741211,52.91999816894531,53.68000030517578,52.79999923706055,52.22999954223633,52.91999816894531,52.349998474121094,52.400001525878906,53.0099983215332,52.939998626708984,53.52000045776367,53.529998779296875,53.59000015258789,52.959999084472656,53.63999938964844,53.900001525878906,53.61000061035156,53.849998474121094,53.25,53.540000915527344,54.029998779296875,53.779998779296875,53.689998626708984,54.15999984741211,53.380001068115234
52.5099983215332,53.0,53.43000030517578,53.63999938964844,53.58000183105469,54.060001373291016,52.959999084472656,53.13999938964844,53.5,53.90999984741211,52.91999816894531,53.68000030517578,52.79999923706055,52.22999954223633,52.91999816894531,52.349998474121094,52.400001525878906,53.0099983215332,52.939998626708984,53.52000045776367,53.529998779296875,53.59000015258789,52.959999084472656,53.63999938964844,53.900001525878906,53.61000061035156,53.849998474121094,53.25,53.540000915527344,54.029998779296875,53.779998779296875
53.7400016784668,54.13999938964844,53.88999938964844,53.83000183105469,54.0,53.810001373291016,53.95000076293945,54.09000015258789,53.70000076293945,52.459999084472656,52.7400016784668,52.40999984741211,52.5099983215332,53.0,53.43000030517578,53.63999938964844,53.58000183105469,54.060001373291016,52.959999084472656,53.13999938964844,53.5,53.90999984741211,52.91999816894531,53.68000030517578,52.79999923706055,52.22999954223633,52.91999816894531,52.349998474121094,52.400001525878906,53.0099983215332,52.939998626708984
53.95000076293945,54.09000015258789,53.70000076293945,52.459999084472656,52.7400016784668,52.40999984741211,52.5099983215332,53.0,53.43000030517578,53.63999938964844,53.58000183105469,54.060001373291016,52.959999084472656,53.13999938964844,53.5,53.90999984741211,52.91999816894531,53.68000030517578,52.79999923706055,52.22999954223633,52.91999816894531,52.349998474121094,52.400001525878906,53.0099983215332,52.939998626708984,53.52000045776367,53.529998779296875,53.59000015258789,52.959999084472656,53.63999938964844,53.900001525878906
52.5099983215332,53.0,53.43000030517578,53.63999938964844,53.58000183105469,54.060001373291016,52.959999084472656,53.13999938964844,53.5,53.90999984741211,52.91999816894531,53.68000030517578,52.79999923706055,52.22999954223633,52.91999816894531,52.349998474121094,52.400001525878906,53.0099983215332,52.939998626708984,53.52000045776367,53.529998779296875,53.59000015258789,52.959999084472656,53.63999938964844,53.900001525878906,53.61000061035156,53.849998474121094,53.25,53.540000915527344,54.029998779296875,53.779998779296875
53.689998626708984,53.93000030517578,54.349998474121094,54.459999084472656,54.2599983215332,53.869998931884766,54.43000030517578,54.209999084472656,53.349998474121094,53.310001373291016,52.91999816894531,53.61000061035156,53.310001373291016,53.25,52.45000076293945,51.86000061035156,51.599998474121094,51.0,50.560001373291016,48.290000915527344,47.099998474121094,45.779998779296875,47.369998931884766,45.45000076293945,44.18000030517578,44.83000183105469,44.16999816894531,44.130001068115234,44.7400016784668,45.540000915527344,46.349998474121094
44.16999816894531,44.130001068115234,44.7400016784668,45.540000915527344,46.349998474121094,45.0099983215332,45.0,44.5,44.29999923706055,44.15999984741211,44.31999969482422,44.459999084472656,44.0,44.09000015258789,44.209999084472656,43.959999084472656,43.060001373291016,43.650001525878906,43.869998931884766,44.099998474121094,43.47999954223633,43.33000183105469,42.70000076293945,41.77000045776367,42.41999816894531,42.400001525878906,41.65999984741211,41.4900016784668,41.540000915527344,42.4900016784668,42.040000915527344
45.0099983215332,45.0,44.5,44.29999923706055,44.15999984741211,44.31999969482422,44.459999084472656,44.0,44.09000015258789,44.209999084472656,43.959999084472656,43.060001373291016,43.650001525878906,43.869998931884766,44.099998474121094,43.47999954223633,43.33000183105469,42.70000076293945,41.77000045776367,42.41999816894531,42.400001525878906,41.65999984741211,41.4900016784668,41.540000915527344,42.4900016784668,42.040000915527344,41.83000183105469,41.54999923706055,42.36000061035156,43.5,42.86000061035156
44.459999084472656,44.0,44.09000015258789,44.209999084472656,43.959999084472656,43.060001373291016,43.650001525878906,43.869998931884766,44.099998474121094,43.47999954223633,43.33000183105469,42.70000076293945,41.77000045776367,42.41999816894531,42.400001525878906,41.65999984741211,41.4900016784668,41.540000915527344,42.4900016784668,42.040000915527344,41.83000183105469,41.54999923706055,42.36000061035156,43.5,42.86000061035156,43.560001373291016,43.34000015258789,43.0,43.5,43.90999984741211,43.439998626708984
39.599998474121094,40.41999816894531,41.349998474121094,41.900001525878906,41.869998931884766,41.279998779296875,42.0,42.16999816894531,42.040000915527344,42.02000045776367,42.040000915527344,42.5099983215332,42.029998779296875,42.20000076293945,42.599998474121094,42.90999984741211,41.86000061035156,41.279998779296875,40.54999923706055,40.2599983215332,39.95000076293945,40.279998779296875,39.56999969482422,39.45000076293945,39.689998626708984,40.209999084472656,39.9900016784668,40.41999816894531,39.290000915527344,41.349998474121094,41.540000915527344
33.540000915527344,32.349998474121094,29.65999984741211,32.65999984741211,34.0,34.349998474121094,34.5,35.58000183105469,33.08000183105469,33.9900016784668,34.59000015258789,32.81999969482422,33.70000076293945,33.20000076293945,32.95000076293945,33.34000015258789,32.97999954223633,32.75,31.68000030517578,33.04999923706055,32.619998931884766,32.70000076293945,32.689998626708984,32.54999923706055,31.68000030517578,31.889999389648438,32.189998626708984,32.04999923706055,32.45000076293945,33.2599983215332,34.119998931884766
32.75,31.68000030517578,33.04999923706055,32.619998931884766,32.70000076293945,32.689998626708984,32.54999923706055,31.68000030517578,31.889999389648438,32.189998626708984,32.04999923706055,32.45000076293945,33.2599983215332,34.119998931884766,34.04999923706055,33.310001373291016,32.7599983215332,32.84000015258789,32.65999984741211,32.58000183105469,32.189998626708984,31.59000015258789,31.790000915527344,32.470001220703125,31.729999542236328,32.599998474121094,32.45000076293945,33.09000015258789,33.709999084472656,34.25,34.91999816894531
33.20000076293945,32.95000076293945,33.34000015258789,32.97999954223633,32.75,31.68000030517578,33.04999923706055,32.619998931884766,32.70000076293945,32.689998626708984,32.54999923706055,31.68000030517578,31.889999389648438,32.189998626708984,32.04999923706055,32.45000076293945,33.2599983215332,34.119998931884766,34.04999923706055,33.310001373291016,32.7599983215332,32.84000015258789,32.65999984741211,32.58000183105469,32.189998626708984,31.59000015258789,31.790000915527344,32.470001220703125,31.729999542236328,32.599998474121094,32.45000076293945
22.200000762939453,22.399999618530273,22.079999923706055,22.06999969482422,22.149999618530273,22.5,22.420000076293945,22.860000610351562,23.020000457763672,23.950000762939453,24.18000030517578,23.940000534057617,24.09000015258789,24.260000228881836,24.649999618530273,24.270000457763672,24.459999084472656,24.049999237060547,24.020000457763672,23.209999084472656,23.190000534057617,23.350000381469727,23.09000015258789,22.639999389648438,22.790000915527344,23.5,22.850000381469727,23.420000076293945,23.260000228881836,24.350000381469727,24.290000915527344
23.950000762939453,24.18000030517578,23.940000534057617,24.09000015258789,24.260000228881836,24.649999618530273,24.270000457763672,24.459999084472656,24.049999237060547,24.020000457763672,23.209999084472656,23.190000534057617,23.350000381469727,23.09000015258789,22.639999389648438,22.790000915527344,23.5,22.850000381469727,23.420000076293945,23.260000228881836,24.350000381469727,24.290000915527344,24.030000686645508,24.170000076293945,24.079999923706055,23.68000030517578,23.479999542236328,23.639999389648438,24.219999313354492,24.40999984741211,24.09000015258789
25.780000686645508,25.90999984741211,25.979999542236328,25.989999771118164,25.729999542236328,25.549999237060547,25.489999771118164,25.770000457763672,25.610000610351562,24.979999542236328,24.860000610351562,24.420000076293945,24.6299991607666,24.40999984741211,24.6299991607666,24.559999465942383,25.09000015258789,25.399999618530273,25.639999389648438,25.649999618530273,25.40999984741211,25.290000915527344,25.139999389648438,25.06999969482422,24.709999084472656,25.040000915527344,25.329999923706055,25.43000030517578,25.59000015258789,25.940000534057617,25.5
26.639999389648438,26.81999969482422,26.68000030517578,26.15999984741211,26.469999313354492,26.360000610351562,25.959999084472656,25.770000457763672,25.639999389648438,25.489999771118164,24.65999984741211,24.200000762939453,25.200000762939453,25.239999771118164,25.5,25.270000457763672,25.09000015258789,25.15999984741211,25.030000686645508,24.700000762939453,24.139999389648438,24.139999389648438,23.959999084472656,23.739999771118164,23.90999984741211,24.40999984741211,24.65999984741211,23.969999313354492,24.559999465942383,24.860000610351562,24.09000015258789
25.639999389648438,25.489999771118164,24.65999984741211,24.200000762939453,25.200000762939453,25.239999771118164,25.5,25.270000457763672,25.09000015258789,25.15999984741211,25.030000686645508,24.700000762939453,24.139999389648438,24.139999389648438,23.959999084472656,23.739999771118164,23.90999984741211,24.40999984741211,24.65999984741211,23.969999313354492,24.559999465942383,24.860000610351562,24.09000015258789,23.889999389648438,23.989999771118164,23.799999237060547,24.25,24.1200008392334,24.15999984741211,24.8700008392334,25.219999313354492
24.15999984741211,24.8700008392334,25.219999313354492,25.559999465942383,25.540000915527344,25.31999969482422,24.639999389648438,24.31999969482422,24.219999313354492,24.260000228881836,24.450000762939453,23.93000030517578,23.770000457763672,23.59000015258789,23.68000030517578,23.959999084472656,24.690000534057617,24.799999237060547,24.899999618530273,24.93000030517578,25.06999969482422,25.040000915527344,25.079999923706055,24.600000381469727,25.139999389648438,25.020000457763672,24.68000030517578,25.06999969482422,25.290000915527344,25.649999618530273,26.1200008392334
25.639999389648438,25.489999771118164,24.65999984741211,24.200000762939453,25.200000762939453,25.239999771118164,25.5,25.270000457763672,25.09000015258789,25.15999984741211,25.030000686645508,24.700000762939453,24.139999389648438,24.139999389648438,23.959999084472656,23.739999771118164,23.90999984741211,24.40999984741211,24.65999984741211,23.969999313354492,24.559999465942383,24.860000610351562,24.09000015258789,23.889999389648438,23.989999771118164,23.799999237060547,24.25,24.1200008392334,24.15999984741211,24.8700008392334,25.219999313354492
24.15999984741211,24.8700008392334,25.219999313354492,25.559999465942383,25.540000915527344,25.31999969482422,24.639999389648438,24.31999969482422,24.219999313354492,24.260000228881836,24.450000762939453,23.93000030517578,23.770000457763672,23.59000015258789,23.68000030517578,23.959999084472656,24.690000534057617,24.799999237060547,24.899999618530273,24.93000030517578,25.06999969482422,25.040000915527344,25.079999923706055,24.600000381469727,25.139999389648438,25.020000457763672,24.68000030517578,25.06999969482422,25.290000915527344,25.649999618530273,26.1200008392334
28.510000228881836,28.549999237060547,28.829999923706055,28.3700008392334,28.350000381469727,28.399999618530273,28.239999771118164,28.1299991607666,28.299999237060547,28.290000915527344,28.399999618530273,28.469999313354492,28.18000030517578,28.06999969482422,28.190000534057617,28.25,28.459999084472656,28.399999618530273,28.290000915527344,28.290000915527344,27.979999542236328,28.31999969482422,28.420000076293945,28.139999389648438,28.190000534057617,28.389999389648438,28.489999771118164,28.809999465942383,28.6299991607666,29.020000457763672,29.020000457763672
28.84000015258789,29.110000610351562,28.399999618530273,28.3700008392334,28.690000534057617,28.469999313354492,28.459999084472656,28.229999542236328,28.6299991607666,28.670000076293945,28.610000610351562,28.68000030517578,28.739999771118164,28.6299991607666,28.780000686645508,28.889999389648438,28.760000228881836,28.889999389648438,27.670000076293945,27.149999618530273,27.139999389648438,27.520000457763672,27.959999084472656,27.510000228881836,27.6200008392334,28.059999465942383,27.889999389648438,27.420000076293945,28.0,28.420000076293945,27.68000030517578
27.139999389648438,27.520000457763672,27.959999084472656,27.510000228881836,27.6200008392334,28.059999465942383,27.889999389648438,27.420000076293945,28.0,28.420000076293945,27.68000030517578,27.729999542236328,27.290000915527344,26.90999984741211,26.790000915527344,26.959999084472656,27.09000015258789,27.510000228881836,27.209999084472656,27.360000610351562,27.559999465942383,27.56999969482422,27.510000228881836,27.84000015258789,28.25,28.06999969482422,28.170000076293945,28.3799991607666,28.399999618530273,28.770000457763672,28.760000228881836
28.84000015258789,29.110000610351562,28.399999618530273,28.3700008392334,28.690000534057617,28.469999313354492,28.459999084472656,28.229999542236328,28.6299991607666,28.670000076293945,28.610000610351562,28.68000030517578,28.739999771118164,28.6299991607666,28.780000686645508,28.889999389648438,28.760000228881836,28.889999389648438,27.670000076293945,27.149999618530273,27.139999389648438,27.520000457763672,27.959999084472656,27.510000228881836,27.6200008392334,28.059999465942383,27.889999389648438,27.420000076293945,28.0,28.420000076293945,27.68000030517578
30.020000457763672,29.459999084472656,29.469999313354492,29.530000686645508,29.6200008392334,29.690000534057617,29.709999084472656,29.229999542236328,29.290000915527344,29.06999969482422,28.649999618530273,28.75,28.68000030517578,28.510000228881836,28.360000610351562,28.459999084472656,28.450000762939453,28.059999465942383,28.110000610351562,28.389999389648438,28.790000915527344,28.8700008392334,28.489999771118164,28.010000228881836,28.260000228881836,28.520000457763672,28.56999969482422,28.690000534057617,28.84000015258789,29.209999084472656,29.040000915527344
28.510000228881836,28.360000610351562,28.459999084472656,28.450000762939453,28.059999465942383,28.110000610351562,28.389999389648438,28.790000915527344,28.8700008392334,28.489999771118164,28.010000228881836,28.260000228881836,28.520000457763672,28.56999969482422,28.690000534057617,28.84000015258789,29.209999084472656,29.040000915527344,29.010000228881836,29.149999618530273,29.040000915527344,28.549999237060547,28.8700008392334,28.889999389648438,28.809999465942383,28.809999465942383,28.360000610351562,28.690000534057617,28.780000686645508,29.459999084472656,29.350000381469727
28.84000015258789,29.209999084472656,29.040000915527344,29.010000228881836,29.149999618530273,29.040000915527344,28.549999237060547,28.8700008392334,28.889999389648438,28.809999465942383,28.809999465942383,28.360000610351562,28.690000534057617,28.780000686645508,29.459999084472656,29.350000381469727,29.920000076293945,29.770000457763672,29.770000457763672,29.350000381469727,28.81999969482422,28.969999313354492,28.329999923706055,28.549999237060547,26.989999771118164,27.6200008392334,25.969999313354492,27.18000030517578,26.440000534057617,27.770000457763672,27.399999618530273
28.549999237060547,26.989999771118164,27.6200008392334,25.969999313354492,27.18000030517578,26.440000534057617,27.770000457763672,27.399999618530273,28.350000381469727,28.549999237060547,28.940000534057617,28.5,28.399999618530273,28.190000534057617,28.8799991607666,29.489999771118164,29.25,29.200000762939453,29.940000534057617,29.809999465942383,30.260000228881836,29.84000015258789,29.549999237060547,28.979999542236328,29.389999389648438,29.520000457763672,28.93000030517578,29.200000762939453,29.459999084472656,29.540000915527344,30.0
32.209999084472656,31.8799991607666,30.8799991607666,31.68000030517578,31.950000762939453,32.290000915527344,32.849998474121094,33.34000015258789,32.880001068115234,32.63999938964844,32.9900016784668,32.45000076293945,32.63999938964844,32.20000076293945,31.979999542236328,32.290000915527344,31.940000534057617,31.790000915527344,31.3799991607666,31.510000228881836,31.829999923706055,32.5,33.810001373291016,33.70000076293945,32.470001220703125,31.809999465942383,32.310001373291016,32.119998931884766,31.760000228881836,32.33000183105469,31.889999389648438
32.880001068115234,32.63999938964844,32.9900016784668,32.45000076293945,32.63999938964844,32.20000076293945,31.979999542236328,32.290000915527344,31.940000534057617,31.790000915527344,31.3799991607666,31.510000228881836,31.829999923706055,32.5,33.810001373291016,33.70000076293945,32.470001220703125,31.809999465942383,32.310001373291016,32.119998931884766,31.760000228881836,32.33000183105469,31.889999389648438,32.18000030517578,31.670000076293945,31.989999771118164,31.709999084472656,31.489999771118164,32.09000015258789,32.599998474121094,32.720001220703125
32.369998931884766,32.189998626708984,32.400001525878906,32.529998779296875,32.84000015258789,32.5,32.599998474121094,32.220001220703125,32.36000061035156,32.06999969482422,31.93000030517578,32.18000030517578,32.380001068115234,31.959999084472656,32.040000915527344,32.060001373291016,32.45000076293945,32.04999923706055,32.310001373291016,32.040000915527344,32.099998474121094,32.29999923706055,32.810001373291016,33.11000061035156,33.25,33.11000061035156,32.91999816894531,32.900001525878906,33.22999954223633,33.61000061035156,33.900001525878906
32.349998474121094,32.34000015258789,32.33000183105469,32.380001068115234,32.11000061035156,31.559999465942383,31.639999389648438,31.829999923706055,31.260000228881836,31.920000076293945,31.920000076293945,31.610000610351562,31.469999313354492,31.639999389648438,31.700000762939453,31.579999923706055,31.770000457763672,31.540000915527344,31.75,31.649999618530273,31.540000915527344,31.309999465942383,31.200000762939453,31.190000534057617,31.09000015258789,31.6200008392334,31.899999618530273,31.729999542236328,31.84000015258789,32.119998931884766,32.2400016784668
31.190000534057617,31.09000015258789,31.6200008392334,31.899999618530273,31.729999542236328,31.84000015258789,32.119998931884766,32.2400016784668,31.969999313354492,31.93000030517578,32.06999969482422,32.13999938964844,31.969999313354492,32.2400016784668,32.0099983215332,31.8799991607666,31.90999984741211,31.920000076293945,32.189998626708984,32.20000076293945,31.6299991607666,31.639999389648438,31.459999084472656,31.239999771118164,31.610000610351562,31.719999313354492,31.770000457763672,31.770000457763672,32.18000030517578,32.470001220703125,31.989999771118164
31.459999084472656,31.239999771118164,31.610000610351562,31.719999313354492,31.770000457763672,31.770000457763672,32.18000030517578,32.470001220703125,31.989999771118164,32.13999938964844,32.58000183105469,32.5,32.40999984741211,32.31999969482422,32.09000015258789,31.920000076293945,31.389999389648438,31.469999313354492,31.559999465942383,31.469999313354492,31.639999389648438,31.860000610351562,31.489999771118164,31.290000915527344,31.68000030517578,31.43000030517578,31.93000030517578,32.290000915527344,32.540000915527344,32.7599983215332,32.790000915527344
32.540000915527344,32.7599983215332,32.790000915527344,33.0,32.689998626708984,32.43000030517578,32.369998931884766,32.189998626708984,32.400001525878906,32.529998779296875,32.84000015258789,32.5,32.599998474121094,32.220001220703125,32.36000061035156,32.06999969482422,31.93000030517578,32.18000030517578,32.380001068115234,31.959999084472656,32.040000915527344,32.060001373291016,32.45000076293945,32.04999923706055,32.310001373291016,32.040000915527344,32.099998474121094,32.29999923706055,32.810001373291016,33.11000061035156,33.25
33.22999954223633,33.61000061035156,33.900001525878906,33.650001525878906,33.540000915527344,33.04999923706055,33.02000045776367,32.790000915527344,33.09000015258789,33.34000015258789,33.560001373291016,33.540000915527344,33.59000015258789,33.58000183105469,33.16999816894531,33.41999816894531,33.130001068115234,33.209999084472656,33.2400016784668,33.22999954223633,33.66999816894531,33.630001068115234,33.79999923706055,33.7400016784668,33.7400016784668,33.83000183105469,33.5,33.33000183105469,33.36000061035156,33.84000015258789,34.41999816894531
32.25,32.099998474121094,31.389999389648438,31.5,30.360000610351562,29.860000610351562,29.690000534057617,29.399999618530273,29.020000457763672,29.360000610351562,29.079999923706055,28.889999389648438,28.719999313354492,28.549999237060547,28.850000381469727,28.75,29.299999237060547,29.610000610351562,29.969999313354492,29.579999923706055,29.450000762939453,29.959999084472656,29.799999237060547,29.739999771118164,29.770000457763672,29.760000228881836,29.780000686645508,29.729999542236328,29.420000076293945,29.979999542236328,30.270000457763672
33.72999954223633,34.22999954223633,34.040000915527344,33.880001068115234,34.02000045776367,34.04999923706055,34.20000076293945,34.90999984741211,34.2599983215332,33.83000183105469,33.18000030517578,33.88999938964844,34.099998474121094,34.189998626708984,34.560001373291016,33.72999954223633,32.68000030517578,33.16999816894531,32.790000915527344,33.40999984741211,33.84000015258789,34.380001068115234,34.439998626708984,33.95000076293945,34.06999969482422,33.88999938964844,33.65999984741211,34.29999923706055,34.36000061035156,34.79999923706055,35.29999923706055
35.54999923706055,35.84000015258789,35.40999984741211,35.189998626708984,35.04999923706055,34.66999816894531,34.06999969482422,33.630001068115234,33.34000015258789,33.75,33.43000030517578,33.61000061035156,33.86000061035156,33.630001068115234,33.529998779296875,33.560001373291016,33.61000061035156,33.810001373291016,33.22999954223633,33.029998779296875,32.84000015258789,33.150001525878906,33.08000183105469,33.27000045776367,32.91999816894531,32.7400016784668,32.86000061035156,33.400001525878906,33.619998931884766,34.84000015258789,34.77000045776367
36.66999816894531,36.59000015258789,36.220001220703125,35.970001220703125,35.849998474121094,36.060001373291016,36.310001373291016,36.54999923706055,36.09000015258789,36.439998626708984,35.720001220703125,35.2400016784668,34.810001373291016,35.119998931884766,35.02000045776367,35.25,35.25,35.900001525878906,35.790000915527344,36.150001525878906,35.86000061035156,36.040000915527344,35.95000076293945,36.0,36.13999938964844,36.15999984741211,35.529998779296875,35.400001525878906,35.7599983215332,36.220001220703125,35.939998626708984
36.439998626708984,35.720001220703125,35.2400016784668,34.810001373291016,35.119998931884766,35.02000045776367,35.25,35.25,35.900001525878906,35.790000915527344,36.150001525878906,35.86000061035156,36.040000915527344,35.95000076293945,36.0,36.13999938964844,36.15999984741211,35.529998779296875,35.400001525878906,35.7599983215332,36.220001220703125,35.939998626708984,36.040000915527344,36.52000045776367,36.22999954223633,36.310001373291016,35.95000076293945,36.16999816894531,36.150001525878906,36.63999938964844,36.630001068115234
35.25,35.900001525878906,35.790000915527344,36.150001525878906,35.86000061035156,36.040000915527344,35.95000076293945,36.0,36.13999938964844,36.15999984741211,35.529998779296875,35.400001525878906,35.7599983215332,36.220001220703125,35.939998626708984,36.040000915527344,36.52000045776367,36.22999954223633,36.310001373291016,35.95000076293945,36.16999816894531,36.150001525878906,36.63999938964844,36.630001068115234,36.470001220703125,35.90999984741211,36.25,36.529998779296875,36.619998931884766,37.2599983215332,37.84000015258789
37.84000015258789,37.65999984741211,37.220001220703125,36.93000030517578,37.16999816894531,37.439998626708984,37.66999816894531,38.13999938964844,38.040000915527344,38.38999938964844,38.630001068115234,38.88999938964844,38.27000045776367,38.810001373291016,40.880001068115234,40.900001525878906,40.4900016784668,40.439998626708984,40.150001525878906,40.40999984741211,40.36000061035156,40.900001525878906,40.59000015258789,40.29999923706055,39.88999938964844,39.650001525878906,39.650001525878906,40.189998626708984,40.84000015258789,41.13999938964844,41.13999938964844
40.97999954223633,40.29999923706055,39.310001373291016,38.75,38.810001373291016,39.27000045776367,39.369998931884766,39.220001220703125,38.540000915527344,38.43000030517578,38.04999923706055,38.72999954223633,38.63999938964844,38.90999984741211,39.18000030517578,38.90999984741211,39.349998474121094,39.040000915527344,39.310001373291016,39.18000030517578,39.61000061035156,39.369998931884766,39.0,38.5,38.099998474121094,38.27000045776367,38.400001525878906,38.810001373291016,38.66999816894531,39.63999938964844,40.08000183105469
38.5,38.099998474121094,38.27000045776367,38.400001525878906,38.810001373291016,38.66999816894531,39.63999938964844,40.08000183105469,39.7599983215332,39.619998931884766,39.779998779296875,40.08000183105469,40.470001220703125,40.61000061035156,40.880001068115234,40.77000045776367,39.849998474121094,39.279998779296875,39.619998931884766,39.810001373291016,39.75,40.20000076293945,39.88999938964844,39.33000183105469,39.47999954223633,39.709999084472656,39.61000061035156,40.040000915527344,40.119998931884766,40.209999084472656,40.08000183105469
39.790000915527344,39.72999954223633,40.279998779296875,39.52000045776367,38.83000183105469,38.810001373291016,39.099998474121094,38.2400016784668,38.43000030517578,38.709999084472656,38.70000076293945,38.25,38.63999938964844,38.349998474121094,38.20000076293945,38.18000030517578,37.970001220703125,37.97999954223633,38.2400016784668,38.33000183105469,38.47999954223633,38.459999084472656,38.88999938964844,39.150001525878906,39.290000915527344,40.13999938964844,39.040000915527344,39.56999969482422,40.029998779296875,40.720001220703125,40.099998474121094
40.13999938964844,39.040000915527344,39.56999969482422,40.029998779296875,40.720001220703125,40.099998474121094,39.58000183105469,39.66999816894531,40.459999084472656,40.47999954223633,40.70000076293945,41.0099983215332,41.2400016784668,41.22999954223633,41.66999816894531,41.40999984741211,42.58000183105469,42.34000015258789,43.040000915527344,42.400001525878906,43.400001525878906,42.41999816894531,43.310001373291016,43.31999969482422,43.310001373291016,42.720001220703125,42.38999938964844,42.209999084472656,43.060001373291016,43.33000183105469,43.040000915527344
40.47999954223633,40.70000076293945,41.0099983215332,41.2400016784668,41.22999954223633,41.66999816894531,41.40999984741211,42.58000183105469,42.34000015258789,43.040000915527344,42.400001525878906,43.400001525878906,42.41999816894531,43.310001373291016,43.31999969482422,43.310001373291016,42.720001220703125,42.38999938964844,42.209999084472656,43.060001373291016,43.33000183105469,43.040000915527344,42.65999984741211,42.83000183105469,42.47999954223633,42.38999938964844,42.58000183105469,43.11000061035156,43.20000076293945,43.529998779296875,43.849998474121094
43.529998779296875,43.849998474121094,43.58000183105469,43.290000915527344,43.93000030517578,43.869998931884766,43.06999969482422,43.36000061035156,42.91999816894531,42.459999084472656,42.66999816894531,44.060001373291016,45.0099983215332,45.119998931884766,45.40999984741211,45.630001068115234,46.84000015258789,47.5,47.91999816894531,47.150001525878906,46.130001068115234,45.9900016784668,45.529998779296875,45.0,45.349998474121094,45.5099983215332,45.0,44.81999969482422,45.209999084472656,45.630001068115234,46.04999923706055
46.5099983215332,45.279998779296875,45.40999984741211,45.43000030517578,44.58000183105469,45.130001068115234,42.88999938964844,42.20000076293945,43.34000015258789,42.47999954223633,42.65999984741211,41.540000915527344,41.66999816894531,42.77000045776367,42.5099983215332,42.970001220703125,43.119998931884766,42.9900016784668,43.130001068115234,42.529998779296875,42.40999984741211,42.189998626708984,42.189998626708984,41.7599983215332,42.15999984741211,40.95000076293945,41.119998931884766,41.470001220703125,40.72999954223633,41.77000045776367,41.130001068115234
45.40999984741211,45.43000030517578,44.58000183105469,45.130001068115234,42.88999938964844,42.20000076293945,43.34000015258789,42.47999954223633,42.65999984741211,41.540000915527344,41.66999816894531,42.77000045776367,42.5099983215332,42.970001220703125,43.119998931884766,42.9900016784668,43.130001068115234,42.529998779296875,42.40999984741211,42.189998626708984,42.189998626708984,41.7599983215332,42.15999984741211,40.95000076293945,41.119998931884766,41.470001220703125,40.72999954223633,41.77000045776367,41.130001068115234,41.880001068115234,41.83000183105469
40.650001525878906,40.31999969482422,40.38999938964844,40.439998626708984,40.22999954223633,40.220001220703125,39.619998931884766,39.310001373291016,39.09000015258789,38.369998931884766,37.93000030517578,37.869998931884766,37.810001373291016,38.29999923706055,37.77000045776367,37.72999954223633,37.810001373291016,38.09000015258789,38.540000915527344,38.2599983215332,38.310001373291016,37.7599983215332,37.779998779296875,37.5099983215332,37.72999954223633,37.540000915527344,37.68000030517578,37.97999954223633,38.5,38.560001373291016,39.599998474121094
43.720001220703125,43.650001525878906,43.38999938964844,43.939998626708984,44.099998474121094,44.290000915527344,44.31999969482422,44.150001525878906,44.5,43.9900016784668,44.40999984741211,44.4900016784668,44.029998779296875,43.40999984741211,43.68000030517578,43.91999816894531,43.869998931884766,44.209999084472656,44.02000045776367,42.54999923706055,43.13999938964844,43.810001373291016,44.220001220703125,43.5,43.130001068115234,43.93000030517578,42.86000061035156,43.220001220703125,43.70000076293945,44.11000061035156,43.34000015258789
43.93000030517578,42.86000061035156,43.220001220703125,43.70000076293945,44.11000061035156,43.34000015258789,43.220001220703125,43.15999984741211,43.310001373291016,43.7599983215332,43.83000183105469,42.83000183105469,42.25,43.34000015258789,42.970001220703125,42.7400016784668,42.58000183105469,41.709999084472656,41.720001220703125,41.79999923706055,41.939998626708984,43.0,44.029998779296875,43.20000076293945,42.86000061035156,43.20000076293945,43.849998474121094,43.68000030517578,44.040000915527344,44.119998931884766,44.0
43.0,44.029998779296875,43.20000076293945,42.86000061035156,43.20000076293945,43.849998474121094,43.68000030517578,44.040000915527344,44.119998931884766,44.0,43.22999954223633,43.029998779296875,43.540000915527344,43.81999969482422,43.849998474121094,43.5099983215332,43.52000045776367,43.380001068115234,43.13999938964844,43.709999084472656,43.5099983215332,43.45000076293945,42.33000183105469,42.130001068115234,42.95000076293945,42.66999816894531,42.7599983215332,43.20000076293945,43.849998474121094,44.91999816894531,45.65999984741211
41.939998626708984,43.0,44.029998779296875,43.20000076293945,42.86000061035156,43.20000076293945,43.849998474121094,43.68000030517578,44.040000915527344,44.119998931884766,44.0,43.22999954223633,43.029998779296875,43.540000915527344,43.81999969482422,43.849998474121094,43.5099983215332,43.52000045776367,43.380001068115234,43.13999938964844,43.709999084472656,43.5099983215332,43.45000076293945,42.33000183105469,42.130001068115234,42.95000076293945,42.66999816894531,42.7599983215332,43.20000076293945,43.849998474121094,44.91999816894531
43.52000045776367,43.380001068115234,43.13999938964844,43.709999084472656,43.5099983215332,43.45000076293945,42.33000183105469,42.130001068115234,42.95000076293945,42.66999816894531,42.7599983215332,43.20000076293945,43.849998474121094,44.91999816894531,45.65999984741211,46.380001068115234,47.33000183105469,46.529998779296875,46.4900016784668,46.16999816894531,46.08000183105469,46.20000076293945,45.369998931884766,45.25,45.58000183105469,45.310001373291016,46.279998779296875,45.599998474121094,46.22999954223633,46.52000045776367,47.47999954223633
49.119998931884766,47.59000015258789,46.470001220703125,46.54999923706055,46.970001220703125,46.810001373291016,47.2599983215332,47.689998626708984,48.0,48.13999938964844,48.54999923706055,48.72999954223633,48.880001068115234,48.189998626708984,48.43000030517578,48.65999984741211,48.150001525878906,48.119998931884766,48.06999969482422,47.900001525878906,47.31999969482422,46.81999969482422,47.349998474121094,47.2400016784668,46.689998626708984,47.2400016784668,47.11000061035156,47.83000183105469,48.11000061035156,49.54999923706055,49.43000030517578
48.72999954223633,49.08000183105469,49.119998931884766,47.59000015258789,46.470001220703125,46.54999923706055,46.970001220703125,46.810001373291016,47.2599983215332,47.689998626708984,48.0,48.13999938964844,48.54999923706055,48.72999954223633,48.880001068115234,48.189998626708984,48.43000030517578,48.65999984741211,48.150001525878906,48.119998931884766,48.06999969482422,47.900001525878906,47.31999969482422,46.81999969482422,47.349998474121094,47.2400016784668,46.689998626708984,47.2400016784668,47.11000061035156,47.83000183105469,48.11000061035156
51.02000045776367,51.04999923706055,50.40999984741211,49.81999969482422,50.709999084472656,51.349998474121094,50.56999969482422,50.650001525878906,50.41999816894531,50.31999969482422,50.439998626708984,49.400001525878906,49.77000045776367,49.29999923706055,49.41999816894531,49.150001525878906,49.65999984741211,49.84000015258789,50.02000045776367,49.849998474121094,48.060001373291016,48.86000061035156,48.099998474121094,48.4900016784668,48.650001525878906,49.380001068115234,50.040000915527344,50.099998474121094,51.13999938964844,51.40999984741211,51.70000076293945
51.0,50.939998626708984,50.939998626708984,51.02000045776367,51.02000045776367,51.04999923706055,50.40999984741211,49.81999969482422,50.709999084472656,51.349998474121094,50.56999969482422,50.650001525878906,50.41999816894531,50.31999969482422,50.439998626708984,49.400001525878906,49.77000045776367,49.29999923706055,49.41999816894531,49.150001525878906,49.65999984741211,49.84000015258789,50.02000045776367,49.849998474121094,48.060001373291016,48.86000061035156,48.099998474121094,48.4900016784668,48.650001525878906,49.380001068115234,50.040000915527344
49.099998474121094,48.7400016784668,48.869998931884766,49.95000076293945,49.16999816894531,48.650001525878906,49.06999969482422,49.36000061035156,50.810001373291016,51.209999084472656,49.04999923706055,47.79999923706055,47.77000045776367,48.619998931884766,49.27000045776367,48.470001220703125,48.5099983215332,48.47999954223633,48.84000015258789,49.43000030517578,49.06999969482422,49.9900016784668,51.08000183105469,50.93000030517578,49.119998931884766,48.90999984741211,49.65999984741211,49.15999984741211,49.34000015258789,49.880001068115234,49.81999969482422
51.599998474121094,51.88999938964844,52.189998626708984,51.95000076293945,52.40999984741211,52.45000076293945,52.560001373291016,51.81999969482422,52.560001373291016,52.459999084472656,52.380001068115234,52.439998626708984,52.70000076293945,53.099998474121094,51.9900016784668,51.970001220703125,52.20000076293945,51.959999084472656,51.970001220703125,52.54999923706055,52.36000061035156,51.810001373291016,52.04999923706055,51.97999954223633,52.060001373291016,51.900001525878906,52.08000183105469,51.81999969482422,51.689998626708984,52.650001525878906,51.75
51.95000076293945,52.40999984741211,52.45000076293945,52.560001373291016,51.81999969482422,52.560001373291016,52.459999084472656,52.380001068115234,52.439998626708984,52.70000076293945,53.099998474121094,51.9900016784668,51.970001220703125,52.20000076293945,51.959999084472656,51.970001220703125,52.54999923706055,52.36000061035156,51.810001373291016,52.04999923706055,51.97999954223633,52.060001373291016,51.900001525878906,52.08000183105469,51.81999969482422,51.689998626708984,52.650001525878906,51.75,52.59000015258789,52.689998626708984,52.650001525878906
54.189998626708984,54.02000045776367,54.790000915527344,54.349998474121094,55.04999923706055,54.689998626708984,55.4900016784668,56.040000915527344,56.04999923706055,56.189998626708984,56.04999923706055,55.310001373291016,55.130001068115234,54.689998626708984,54.59000015258789,54.56999969482422,54.720001220703125,55.04999923706055,54.709999084472656,54.52000045776367,54.709999084472656,54.790000915527344,55.38999938964844,54.9900016784668,55.43000030517578,55.34000015258789,54.88999938964844,54.540000915527344,55.09000015258789,55.43000030517578,55.08000183105469
54.52000045776367,54.709999084472656,54.790000915527344,55.38999938964844,54.9900016784668,55.43000030517578,55.34000015258789,54.88999938964844,54.540000915527344,55.09000015258789,55.43000030517578,55.08000183105469,55.15999984741211,55.029998779296875,54.689998626708984,54.27000045776367,54.25,54.2400016784668,54.810001373291016,54.779998779296875,54.630001068115234,54.209999084472656,54.45000076293945,54.45000076293945,54.93000030517578,55.16999816894531,54.65999984741211,54.43000030517578,55.29999923706055,55.599998474121094,56.41999816894531
54.59000015258789,54.56999969482422,54.720001220703125,55.04999923706055,54.709999084472656,54.52000045776367,54.709999084472656,54.790000915527344,55.38999938964844,54.9900016784668,55.43000030517578,55.34000015258789,54.88999938964844,54.540000915527344,55.09000015258789,55.43000030517578,55.08000183105469,55.15999984741211,55.029998779296875,54.689998626708984,54.27000045776367,54.25,54.2400016784668,54.810001373291016,54.779998779296875,54.630001068115234,54.209999084472656,54.45000076293945,54.45000076293945,54.93000030517578,55.16999816894531
54.709999084472656,54.52000045776367,54.709999084472656,54.790000915527344,55.38999938964844,54.9900016784668,55.43000030517578,55.34000015258789,54.88999938964844,54.540000915527344,55.09000015258789,55.43000030517578,55.08000183105469,55.15999984741211,55.029998779296875,54.689998626708984,54.27000045776367,54.25,54.2400016784668,54.810001373291016,54.779998779296875,54.630001068115234,54.209999084472656,54.45000076293945,54.45000076293945,54.93000030517578,55.16999816894531,54.65999984741211,54.43000030517578,55.29999923706055,55.599998474121094
55.939998626708984,56.43000030517578,55.88999938964844,55.33000183105469,54.70000076293945,54.66999816894531,54.130001068115234,53.86000061035156,53.75,54.13999938964844,53.95000076293945,53.810001373291016,54.400001525878906,54.09000015258789,54.43000030517578,54.88999938964844,55.36000061035156,55.65999984741211,56.13999938964844,56.529998779296875,55.91999816894531,55.79999923706055,56.34000015258789,56.27000045776367,56.15999984741211,56.099998474121094,56.529998779296875,56.72999954223633,57.0,57.5,57.939998626708984
60.41999816894531,60.29999923706055,59.9900016784668,59.79999923706055,59.86000061035156,59.470001220703125,59.880001068115234,60.09000015258789,60.90999984741211,59.45000076293945,58.88999938964844,59.560001373291016,59.810001373291016,59.25,59.25,58.7400016784668,58.810001373291016,58.5099983215332,59.380001068115234,59.13999938964844,57.91999816894531,58.36000061035156,57.84000015258789,58.38999938964844,57.93000030517578,58.54999923706055,58.84000015258789,58.779998779296875,59.150001525878906,59.86000061035156,59.779998779296875
54.88999938964844,54.150001525878906,53.0,53.189998626708984,52.59000015258789,55.41999816894531,55.06999969482422,55.25,54.68000030517578,56.2599983215332,56.31999969482422,55.08000183105469,54.400001525878906,54.59000015258789,56.349998474121094,55.75,54.88999938964844,54.29999923706055,53.959999084472656,54.029998779296875,55.119998931884766,53.939998626708984,53.58000183105469,53.86000061035156,53.9900016784668,54.40999984741211,54.09000015258789,54.630001068115234,54.77000045776367,55.4900016784668,55.20000076293945
55.25,54.68000030517578,56.2599983215332,56.31999969482422,55.08000183105469,54.400001525878906,54.59000015258789,56.349998474121094,55.75,54.88999938964844,54.29999923706055,53.959999084472656,54.029998779296875,55.119998931884766,53.939998626708984,53.58000183105469,53.86000061035156,53.9900016784668,54.40999984741211,54.09000015258789,54.630001068115234,54.77000045776367,55.4900016784668,55.20000076293945,55.130001068115234,54.900001525878906,54.91999816894531,54.0099983215332,54.849998474121094,55.880001068115234,55.939998626708984
55.33000183105469,55.5099983215332,56.36000061035156,56.88999938964844,56.560001373291016,56.849998474121094,56.27000045776367,56.630001068115234,57.20000076293945,57.209999084472656,57.869998931884766,58.599998474121094,58.619998931884766,58.33000183105469,58.380001068115234,58.7400016784668,58.900001525878906,58.540000915527344,56.90999984741211,56.220001220703125,56.34000015258789,56.869998931884766,56.59000015258789,56.41999816894531,55.939998626708984,55.84000015258789,56.2599983215332,56.34000015258789,56.70000076293945,57.88999938964844,58.779998779296875
56.369998931884766,56.970001220703125,57.63999938964844,58.279998779296875,58.310001373291016,58.5099983215332,58.68000030517578,59.650001525878906,59.939998626708984,60.4900016784668,60.84000015258789,60.849998474121094,61.220001220703125,61.22999954223633,61.54999923706055,62.029998779296875,59.970001220703125,60.5,61.380001068115234,61.369998931884766,61.38999938964844,61.34000015258789,61.27000045776367,61.06999969482422,61.709999084472656,61.34000015258789,60.93000030517578,61.0,61.36000061035156,62.150001525878906,61.939998626708984
58.68000030517578,59.650001525878906,59.939998626708984,60.4900016784668,60.84000015258789,60.849998474121094,61.220001220703125,61.22999954223633,61.54999923706055,62.029998779296875,59.970001220703125,60.5,61.380001068115234,61.369998931884766,61.38999938964844,61.34000015258789,61.27000045776367,61.06999969482422,61.709999084472656,61.34000015258789,60.93000030517578,61.0,61.36000061035156,62.150001525878906,61.939998626708984,61.41999816894531,62.060001373291016,61.36000061035156,61.77000045776367,62.45000076293945,62.56999969482422
65.6500015258789,65.48999786376953,66.79000091552734,65.69000244140625,64.4000015258789,65.19999694824219,65.0,64.58000183105469,64.3499984741211,63.61000061035156,64.6500015258789,65.06999969482422,66.04000091552734,66.30000305175781,67.31999969482422,68.38999938964844,68.83000183105469,68.73999786376953,69.38999938964844,69.30000305175781,69.73999786376953,69.0,67.5199966430664,67.75,67.81999969482422,68.68000030517578,68.11000061035156,67.81999969482422,68.62000274658203,69.80000305175781,70.04000091552734
68.68000030517578,68.11000061035156,67.81999969482422,68.62000274658203,69.80000305175781,70.04000091552734,70.16000366210938,70.41999816894531,70.70999908447266,70.29000091552734,69.83999633789062,70.44000244140625,69.80999755859375,67.30999755859375,67.37999725341797,67.20999908447266,67.02999877929688,66.94000244140625,63.2400016784668,64.3499984741211,65.30000305175781,64.94000244140625,65.2300033569336,63.529998779296875,63.689998626708984,64.58999633789062,63.849998474121094,64.86000061035156,64.37999725341797,65.80999755859375,65.55000305175781
67.75,67.81999969482422,68.68000030517578,68.11000061035156,67.81999969482422,68.62000274658203,69.80000305175781,70.04000091552734,70.16000366210938,70.41999816894531,70.70999908447266,70.29000091552734,69.83999633789062,70.44000244140625,69.80999755859375,67.30999755859375,67.37999725341797,67.20999908447266,67.02999877929688,66.94000244140625,63.2400016784668,64.3499984741211,65.30000305175781,64.94000244140625,65.2300033569336,63.529998779296875,63.689998626708984,64.58999633789062,63.849998474121094,64.86000061035156,64.37999725341797
72.0,72.2300033569336,73.26000213623047,73.75,74.30000305175781,74.75,74.38999938964844,73.45999908447266,73.55000305175781,72.79000091552734,72.55999755859375,72.23999786376953,71.55999755859375,72.38999938964844,71.66999816894531,72.0199966430664,71.5,71.83999633789062,71.9800033569336,72.02999877929688,70.8499984741211,70.61000061035156,70.4800033569336,70.5199966430664,71.1500015258789,71.98999786376953,72.26000213623047,72.18000030517578,71.36000061035156,72.7699966430664,72.23999786376953
73.55000305175781,72.79000091552734,72.55999755859375,72.23999786376953,71.55999755859375,72.38999938964844,71.66999816894531,72.0199966430664,71.5,71.83999633789062,71.9800033569336,72.02999877929688,70.8499984741211,70.61000061035156,70.4800033569336,70.5199966430664,71.1500015258789,71.98999786376953,72.26000213623047,72.18000030517578,71.36000061035156,72.7699966430664,72.23999786376953,72.33999633789062,72.94999694824219,72.75,72.69999694824219,71.36000061035156,71.9000015258789,73.29000091552734,74.5999984741211
76.2300033569336,76.43000030517578,76.25,76.58999633789062,76.8499984741211,76.20999908447266,75.69000244140625,76.63999938964844,75.73999786376953,75.05000305175781,75.0,75.22000122070312,76.31999969482422,76.69000244140625,76.63999938964844,76.51000213623047,75.25,75.80999755859375,76.63999938964844,76.97000122070312,76.66000366210938,76.91999816894531,76.81999969482422,75.33000183105469,75.8499984741211,75.75,75.75,77.1500015258789,77.1500015258789,78.48999786376953,78.48999786376953
76.61000061035156,76.6500015258789,76.68000030517578,76.16000366210938,76.29000091552734,76.2300033569336,76.73999786376953,77.16000366210938,75.9800033569336,76.27999877929688,76.2300033569336,76.43000030517578,76.25,76.58999633789062,76.8499984741211,76.20999908447266,75.69000244140625,76.63999938964844,75.73999786376953,75.05000305175781,75.0,75.22000122070312,76.31999969482422,76.69000244140625,76.63999938964844,76.51000213623047,75.25,75.80999755859375,76.63999938964844,76.97000122070312,76.66000366210938
75.9800033569336,76.27999877929688,76.2300033569336,76.43000030517578,76.25,76.58999633789062,76.8499984741211,76.20999908447266,75.69000244140625,76.63999938964844,75.73999786376953,75.05000305175781,75.0,75.22000122070312,76.31999969482422,76.69000244140625,76.63999938964844,76.51000213623047,75.25,75.80999755859375,76.63999938964844,76.97000122070312,76.66000366210938,76.91999816894531,76.81999969482422,75.33000183105469,75.8499984741211,75.75,75.75,77.1500015258789,77.1500015258789
78.66000366210938,79.04000091552734,78.97000122070312,79.55999755859375,80.26000213623047,80.37999725341797,80.0,80.05000305175781,79.66000366210938,78.75,78.5,79.52999877929688,78.94000244140625,77.41999816894531,77.33999633789062,76.8499984741211,77.05000305175781,76.29000091552734,75.80000305175781,75.72000122070312,75.80000305175781,76.62000274658203,76.66000366210938,77.05000305175781,77.05999755859375,77.48999786376953,76.58999633789062,75.83999633789062,76.4800033569336,77.58000183105469,77.69999694824219
75.7300033569336,75.44999694824219,75.47000122070312,75.19000244140625,74.94999694824219,74.16999816894531,74.12999725341797,74.18000030517578,74.33000183105469,73.68000030517578,73.80999755859375,74.36000061035156,75.08999633789062,75.19000244140625,74.94999694824219,74.58999633789062,74.94999694824219,74.70999908447266,75.0199966430664,75.76000213623047,75.61000061035156,76.02999877929688,75.44999694824219,76.56999969482422,75.63999938964844,75.75,75.63999938964844,76.30000305175781,76.55999755859375,76.80000305175781,76.05000305175781
74.18000030517578,74.33000183105469,73.68000030517578,73.80999755859375,74.36000061035156,75.08999633789062,75.19000244140625,74.94999694824219,74.58999633789062,74.94999694824219,74.70999908447266,75.0199966430664,75.76000213623047,75.61000061035156,76.02999877929688,75.44999694824219,76.56999969482422,75.63999938964844,75.75,75.63999938964844,76.30000305175781,76.55999755859375,76.80000305175781,76.05000305175781,76.08000183105469,76.1500015258789,76.43000030517578,76.30000305175781,76.58999633789062,77.01000213623047,77.62999725341797
86.05000305175781,85.3499984741211,81.5999984741211,82.58999633789062,80.87000274658203,72.4000015258789,76.1500015258789,65.94999694824219,77.69000244140625,76.1500015258789,71.87999725341797,62.93000030517578,61.369998931884766,65.29000091552734,67.54000091552734,72.79000091552734,74.23999786376953,78.16999816894531,72.83000183105469,67.7300033569336,71.66999816894531,68.75,74.29000091552734,71.52999877929688,76.01000213623047,79.0,75.81999969482422,77.16999816894531,75.5,77.26000213623047,77.83000183105469
70.0,69.45999908447266,68.80999755859375,68.9000015258789,69.7300033569336,70.36000061035156,72.48999786376953,73.2300033569336,73.33999633789062,73.33999633789062,73.94000244140625,73.6500015258789,74.54000091552734,75.55999755859375,76.56999969482422,75.93000030517578,76.79000091552734,78.73999786376953,77.79000091552734,78.0,80.20999908447266,80.5199966430664,79.5199966430664,79.01000213623047,79.66999816894531,80.1500015258789,79.55000305175781,80.23999786376953,79.27999877929688,82.19000244140625,80.44999694824219
80.5199966430664,79.5199966430664,79.01000213623047,79.66999816894531,80.1500015258789,79.55000305175781,80.23999786376953,79.27999877929688,82.19000244140625,80.44999694824219,81.05999755859375,82.18000030517578,83.25,81.16000366210938,81.9800033569336,81.37000274658203,81.2699966430664,81.43000030517578,81.18000030517578,81.1500015258789,80.47000122070312,80.72000122070312,81.25,79.5999984741211,78.44000244140625,78.93000030517578,78.66000366210938,79.11000061035156,78.4800033569336,80.2300033569336,79.0999984741211
81.2699966430664,81.43000030517578,81.18000030517578,81.1500015258789,80.47000122070312,80.72000122070312,81.25,79.5999984741211,78.44000244140625,78.93000030517578,78.66000366210938,79.11000061035156,78.4800033569336,80.2300033569336,79.0999984741211,78.95999908447266,77.4000015258789,78.37999725341797,76.45999908447266,76.5999984741211,76.9800033569336,77.5,77.94000244140625,77.62000274658203,76.86000061035156,76.62000274658203,77.05999755859375,75.61000061035156,76.69999694824219,78.20999908447266,78.41999816894531
76.5999984741211,76.9800033569336,77.5,77.94000244140625,77.62000274658203,76.86000061035156,76.62000274658203,77.05999755859375,75.61000061035156,76.69999694824219,78.20999908447266,78.41999816894531,79.0199966430664,79.08000183105469,79.86000061035156,79.80999755859375,80.72000122070312,81.30000305175781,80.69000244140625,81.7300033569336,82.05000305175781,82.54000091552734,81.1500015258789,81.3499984741211,81.1500015258789,82.38999938964844,81.63999938964844,82.13999938964844,82.29000091552734,83.02999877929688,83.38999938964844
84.31999969482422,83.44999694824219,82.47000122070312,81.8499984741211,83.04000091552734,82.45999908447266,82.37000274658203,81.33999633789062,82.12000274658203,84.33000183105469,80.5999984741211,79.05999755859375,78.3499984741211,78.44999694824219,79.30000305175781,79.06999969482422,80.58000183105469,78.98999786376953,77.77999877929688,78.51000213623047,78.48999786376953,77.91000366210938,77.08000183105469,78.19999694824219,77.26000213623047,77.80000305175781,77.33999633789062,77.47000122070312,77.23999786376953,78.7300033569336,78.0
78.51000213623047,78.48999786376953,77.91000366210938,77.08000183105469,78.19999694824219,77.26000213623047,77.80000305175781,77.33999633789062,77.47000122070312,77.23999786376953,78.7300033569336,78.0,78.73999786376953,78.86000061035156,77.08000183105469,76.55000305175781,75.72000122070312,76.47000122070312,76.75,76.56999969482422,76.97000122070312,78.05999755859375,76.12999725341797,75.76000213623047,76.38999938964844,74.23999786376953,75.0,75.04000091552734,74.23999786376953,75.5,73.98999786376953
76.38999938964844,74.23999786376953,75.0,75.04000091552734,74.23999786376953,75.5,73.98999786376953,74.38999938964844,72.98999786376953,72.54000091552734,71.73999786376953,72.87999725341797,75.08000183105469,75.20999908447266,75.08999633789062,73.91000366210938,72.72000122070312,72.83999633789062,72.7699966430664,72.73999786376953,73.93000030517578,74.19999694824219,72.58999633789062,73.26000213623047,73.44000244140625,72.55999755859375,73.27999877929688,72.66000366210938,73.30000305175781,74.08999633789062,72.33000183105469
75.76000213623047,76.38999938964844,74.23999786376953,75.0,75.04000091552734,74.23999786376953,75.5,73.98999786376953,74.38999938964844,72.98999786376953,72.54000091552734,71.73999786376953,72.87999725341797,75.08000183105469,75.20999908447266,75.08999633789062,73.91000366210938,72.72000122070312,72.83999633789062,72.7699966430664,72.73999786376953,73.93000030517578,74.19999694824219,72.58999633789062,73.26000213623047,73.44000244140625,72.55999755859375,73.27999877929688,72.66000366210938,73.30000305175781,74.08999633789062
73.26000213623047,73.44000244140625,72.55999755859375,73.27999877929688,72.66000366210938,73.30000305175781,74.08999633789062,72.33000183105469,71.0,71.86000061035156,71.4000015258789,71.41000366210938,70.2699966430664,71.48999786376953,71.91000366210938,71.12999725341797,71.18000030517578,72.86000061035156,74.19000244140625,74.72000122070312,76.19000244140625,76.06999969482422,77.30000305175781,78.81999969482422,78.48999786376953,78.11000061035156,78.54000091552734,78.80000305175781,77.97000122070312,79.9800033569336,80.98999786376953
