33.8125,35.0,36.125,37.75,38.125,36.625,36.5,35.5625,34.625,35.375,34.625,35.1875,35.125,36.1875,36.3125,36.0625,36.5625,36.25,35.0625,35.9375,36.0625,36.5625,35.5,35.75,35.375,35.625,35.25,35.5625,35.5625,34.625,33.5
35.1875,35.125,36.1875,36.3125,36.0625,36.5625,36.25,35.0625,35.9375,36.0625,36.5625,35.5,35.75,35.375,35.625,35.25,35.5625,35.5625,34.625,33.5,34.1875,34.375,34.0625,34.625,35.375,35.375,34.25,35.0,34.875,33.9375,33.5
34.25,35.0,34.875,33.9375,33.5,33.3125,32.6875,32.1875,32.4375,31.0,31.71875,30.75,29.625,30.75,30.625,30.75,31.125,32.125,32.8125,32.75,32.9375,32.3125,33.0625,33.25,33.5,33.8125,33.1875,33.75,33.6875,32.640625,33.125
38.375,39.9375,41.8125,41.5,42.3125,41.8125,41.375,41.375,40.9375,40.625,41.25,42.0,41.9375,40.8125,41.4375,42.25,43.0,43.1875,43.8125,43.625,42.875,43.125,43.9375,45.5625,46.0,45.5,46.375,46.375,45.5625,45.0625,45.1875
43.90999984741211,42.0,42.75,44.22999954223633,44.83000183105469,45.13999938964844,45.75,47.0,47.61000061035156,48.02000045776367,47.61000061035156,47.540000915527344,47.34000015258789,48.61000061035156,48.59000015258789,48.209999084472656,47.9900016784668,48.650001525878906,49.70000076293945,49.959999084472656,49.0099983215332,48.939998626708984,49.75,49.45000076293945,49.29999923706055,49.41999816894531,50.0,49.34000015258789,49.43000030517578,48.0,47.45000076293945
48.0,47.45000076293945,48.540000915527344,48.400001525878906,47.34000015258789,47.380001068115234,47.650001525878906,48.18000030517578,48.619998931884766,48.209999084472656,49.40999984741211,49.189998626708984,49.75,50.310001373291016,50.0,50.91999816894531,51.11000061035156,50.40999984741211,49.900001525878906,49.79999923706055,50.20000076293945,49.0,49.119998931884766,49.11000061035156,47.900001525878906,47.70000076293945,48.27000045776367,48.63999938964844,48.4900016784668,47.209999084472656,45.869998931884766
46.97999954223633,47.09000015258789,48.25,48.38999938964844,47.7599983215332,47.369998931884766,47.349998474121094,47.869998931884766,47.5099983215332,47.41999816894531,47.5099983215332,46.29999923706055,43.40999984741211,42.099998474121094,42.58000183105469,43.2400016784668,44.20000076293945,44.70000076293945,45.0,45.040000915527344,45.95000076293945,46.29999923706055,44.90999984741211,45.54999923706055,44.25,44.88999938964844,45.2400016784668,44.65999984741211,44.650001525878906,44.16999816894531,45.29999923706055
44.90999984741211,45.54999923706055,44.25,44.88999938964844,45.2400016784668,44.65999984741211,44.650001525878906,44.16999816894531,45.29999923706055,45.0099983215332,45.369998931884766,45.02000045776367,44.7599983215332,45.349998474121094,45.439998626708984,45.86000061035156,46.47999954223633,46.5099983215332,45.880001068115234,45.77000045776367,46.5,46.58000183105469,46.95000076293945,47.11000061035156,46.66999816894531,46.060001373291016,47.5,46.75,47.040000915527344,45.599998474121094,44.849998474121094
44.47999954223633,43.25,44.189998626708984,43.790000915527344,43.13999938964844,42.59000015258789,43.43000030517578,42.83000183105469,42.849998474121094,42.2400016784668,41.900001525878906,42.47999954223633,42.290000915527344,43.7599983215332,44.04999923706055,43.75,44.45000076293945,44.540000915527344,44.150001525878906,44.47999954223633,43.5099983215332,42.95000076293945,43.0,41.959999084472656,42.779998779296875,42.130001068115234,42.38999938964844,42.209999084472656,42.470001220703125,40.439998626708984,40.58000183105469
41.900001525878906,42.47999954223633,42.290000915527344,43.7599983215332,44.04999923706055,43.75,44.45000076293945,44.540000915527344,44.150001525878906,44.47999954223633,43.5099983215332,42.95000076293945,43.0,41.959999084472656,42.779998779296875,42.130001068115234,42.38999938964844,42.209999084472656,42.470001220703125,40.439998626708984,40.58000183105469,41.25,41.5,42.0099983215332,42.43000030517578,41.599998474121094,42.86000061035156,42.150001525878906,41.709999084472656,41.54999923706055,41.84000015258789
41.599998474121094,42.86000061035156,42.150001525878906,41.709999084472656,41.54999923706055,41.84000015258789,41.5,41.540000915527344,42.15999984741211,43.41999816894531,42.58000183105469,42.27000045776367,43.0,43.099998474121094,43.209999084472656,43.279998779296875,43.529998779296875,43.95000076293945,43.63999938964844,43.27000045776367,43.95000076293945,43.849998474121094,43.869998931884766,44.2599983215332,43.869998931884766,44.4900016784668,44.560001373291016,44.349998474121094,43.43000030517578,43.0,42.11000061035156
44.93000030517578,44.77000045776367,45.0099983215332,45.189998626708984,45.29999923706055,46.34000015258789,46.15999984741211,45.959999084472656,45.27000045776367,46.0,46.09000015258789,45.66999816894531,46.20000076293945,46.18000030517578,47.150001525878906,46.81999969482422,47.119998931884766,47.380001068115234,48.060001373291016,47.900001525878906,47.88999938964844,47.279998779296875,47.70000076293945,47.849998474121094,47.869998931884766,47.869998931884766,47.97999954223633,48.029998779296875,47.68000030517578,46.29999923706055,45.970001220703125
27.8799991607666,28.200000762939453,28.06999969482422,27.989999771118164,28.0,28.549999237060547,28.469999313354492,28.06999969482422,28.399999618530273,28.469999313354492,28.309999465942383,28.360000610351562,28.309999465942383,28.739999771118164,29.280000686645508,29.309999465942383,29.079999923706055,29.459999084472656,28.950000762939453,29.139999389648438,29.09000015258789,29.510000228881836,29.09000015258789,29.459999084472656,29.079999923706055,29.690000534057617,29.670000076293945,29.3700008392334,29.280000686645508,28.649999618530273,28.969999313354492
29.670000076293945,29.3700008392334,29.280000686645508,28.649999618530273,28.969999313354492,29.479999542236328,30.0,30.0,29.600000381469727,30.0,29.8700008392334,30.1200008392334,29.8799991607666,29.860000610351562,29.600000381469727,29.559999465942383,29.610000610351562,29.75,29.5,29.549999237060547,29.440000534057617,29.34000015258789,29.520000457763672,29.6200008392334,29.190000534057617,29.25,28.780000686645508,28.829999923706055,28.739999771118164,28.43000030517578,28.190000534057617
33.45000076293945,34.20000076293945,34.08000183105469,33.779998779296875,33.540000915527344,33.45000076293945,33.13999938964844,33.61000061035156,33.880001068115234,34.5,34.97999954223633,34.560001373291016,34.0,33.9900016784668,34.04999923706055,33.900001525878906,33.90999984741211,33.900001525878906,33.52000045776367,33.619998931884766,33.33000183105469,33.599998474121094,33.900001525878906,33.84000015258789,33.5,33.25,33.150001525878906,33.25,33.09000015258789,32.75,32.88999938964844
32.939998626708984,33.38999938964844,33.4900016784668,33.45000076293945,33.45000076293945,34.20000076293945,34.08000183105469,33.779998779296875,33.540000915527344,33.45000076293945,33.13999938964844,33.61000061035156,33.880001068115234,34.5,34.97999954223633,34.560001373291016,34.0,33.9900016784668,34.04999923706055,33.900001525878906,33.90999984741211,33.900001525878906,33.52000045776367,33.619998931884766,33.33000183105469,33.599998474121094,33.900001525878906,33.84000015258789,33.5,33.25,33.150001525878906
32.75,32.88999938964844,32.88999938964844,32.91999816894531,33.18000030517578,33.0,32.779998779296875,32.77000045776367,32.220001220703125,32.099998474121094,31.280000686645508,30.670000076293945,30.479999542236328,30.899999618530273,30.989999771118164,30.649999618530273,30.43000030517578,30.1200008392334,30.959999084472656,30.770000457763672,30.81999969482422,30.59000015258789,30.399999618530273,30.6299991607666,30.440000534057617,30.8700008392334,31.040000915527344,30.93000030517578,30.479999542236328,29.56999969482422,29.010000228881836
31.200000762939453,30.979999542236328,31.18000030517578,31.34000015258789,31.56999969482422,31.889999389648438,31.979999542236328,31.75,31.760000228881836,32.040000915527344,31.969999313354492,32.2599983215332,31.84000015258789,32.0,31.59000015258789,31.700000762939453,31.579999923706055,31.280000686645508,31.6200008392334,31.43000030517578,31.389999389648438,31.43000030517578,31.709999084472656,31.649999618530273,31.93000030517578,31.860000610351562,32.0,31.299999237060547,30.989999771118164,30.510000228881836,30.559999465942383
30.959999084472656,31.200000762939453,30.979999542236328,31.18000030517578,31.34000015258789,31.56999969482422,31.889999389648438,31.979999542236328,31.75,31.760000228881836,32.040000915527344,31.969999313354492,32.2599983215332,31.84000015258789,32.0,31.59000015258789,31.700000762939453,31.579999923706055,31.280000686645508,31.6200008392334,31.43000030517578,31.389999389648438,31.43000030517578,31.709999084472656,31.649999618530273,31.93000030517578,31.860000610351562,32.0,31.299999237060547,30.989999771118164,30.510000228881836
32.25,31.90999984741211,32.29999923706055,32.150001525878906,32.189998626708984,32.36000061035156,32.290000915527344,32.33000183105469,32.369998931884766,32.72999954223633,32.869998931884766,33.08000183105469,32.90999984741211,33.08000183105469,32.869998931884766,32.79999923706055,32.939998626708984,32.2599983215332,32.40999984741211,32.560001373291016,32.79999923706055,32.84000015258789,32.84000015258789,32.90999984741211,32.65999984741211,32.439998626708984,32.369998931884766,32.349998474121094,32.34000015258789,32.099998474121094,31.959999084472656
32.2400016784668,32.2599983215332,31.850000381469727,31.790000915527344,32.22999954223633,31.920000076293945,31.610000610351562,31.3700008392334,31.700000762939453,32.09000015258789,32.31999969482422,33.11000061035156,33.279998779296875,32.900001525878906,32.93000030517578,33.130001068115234,32.400001525878906,33.540000915527344,34.66999816894531,34.36000061035156,34.33000183105469,34.18000030517578,34.16999816894531,34.400001525878906,35.0099983215332,34.619998931884766,34.58000183105469,34.20000076293945,34.189998626708984,34.0,34.7599983215332
31.700000762939453,32.09000015258789,32.31999969482422,33.11000061035156,33.279998779296875,32.900001525878906,32.93000030517578,33.130001068115234,32.400001525878906,33.540000915527344,34.66999816894531,34.36000061035156,34.33000183105469,34.18000030517578,34.16999816894531,34.400001525878906,35.0099983215332,34.619998931884766,34.58000183105469,34.20000076293945,34.189998626708984,34.0,34.7599983215332,34.83000183105469,35.20000076293945,35.209999084472656,34.630001068115234,34.16999816894531,34.0099983215332,33.90999984741211,34.04999923706055
34.83000183105469,35.20000076293945,35.209999084472656,34.630001068115234,34.16999816894531,34.0099983215332,33.90999984741211,34.04999923706055,34.06999969482422,34.25,34.0099983215332,33.83000183105469,33.790000915527344,34.25,34.5,34.83000183105469,34.900001525878906,34.79999923706055,34.84000015258789,35.08000183105469,35.22999954223633,34.88999938964844,34.599998474121094,34.720001220703125,34.599998474121094,34.58000183105469,34.34000015258789,34.02000045776367,33.88999938964844,33.4900016784668,33.5
35.38999938964844,35.25,35.619998931884766,35.650001525878906,35.619998931884766,35.650001525878906,35.31999969482422,34.97999954223633,34.720001220703125,34.630001068115234,34.54999923706055,34.790000915527344,34.650001525878906,34.4900016784668,34.41999816894531,33.72999954223633,32.70000076293945,32.5,32.959999084472656,33.40999984741211,33.400001525878906,33.709999084472656,33.90999984741211,33.959999084472656,34.25,34.560001373291016,34.630001068115234,33.68000030517578,34.209999084472656,33.56999969482422,34.25
35.650001525878906,35.31999969482422,34.97999954223633,34.720001220703125,34.630001068115234,34.54999923706055,34.790000915527344,34.650001525878906,34.4900016784668,34.41999816894531,33.72999954223633,32.70000076293945,32.5,32.959999084472656,33.40999984741211,33.400001525878906,33.709999084472656,33.90999984741211,33.959999084472656,34.25,34.560001373291016,34.630001068115234,33.68000030517578,34.209999084472656,33.56999969482422,34.25,33.900001525878906,33.81999969482422,33.90999984741211,33.56999969482422,33.59000015258789
34.790000915527344,34.650001525878906,34.4900016784668,34.41999816894531,33.72999954223633,32.70000076293945,32.5,32.959999084472656,33.40999984741211,33.400001525878906,33.709999084472656,33.90999984741211,33.959999084472656,34.25,34.560001373291016,34.630001068115234,33.68000030517578,34.209999084472656,33.56999969482422,34.25,33.900001525878906,33.81999969482422,33.90999984741211,33.56999969482422,33.59000015258789,32.93000030517578,32.84000015258789,33.38999938964844,33.41999816894531,32.83000183105469,33.54999923706055
36.25,36.54999923706055,36.619998931884766,36.869998931884766,36.86000061035156,37.279998779296875,36.84000015258789,37.33000183105469,38.09000015258789,38.880001068115234,38.9900016784668,38.88999938964844,38.63999938964844,38.689998626708984,38.65999984741211,38.79999923706055,39.0,38.40999984741211,38.77000045776367,38.560001373291016,38.310001373291016,38.41999816894531,38.5099983215332,38.70000076293945,38.13999938964844,38.400001525878906,38.900001525878906,38.689998626708984,38.16999816894531,37.040000915527344,37.58000183105469
37.099998474121094,36.86000061035156,37.29999923706055,37.34000015258789,37.7400016784668,37.20000076293945,37.31999969482422,37.09000015258789,37.36000061035156,37.29999923706055,37.09000015258789,37.66999816894531,37.11000061035156,37.119998931884766,37.189998626708984,36.91999816894531,37.18000030517578,37.380001068115234,37.38999938964844,37.90999984741211,37.369998931884766,37.43000030517578,37.939998626708984,37.400001525878906,36.9900016784668,37.349998474121094,37.22999954223633,37.31999969482422,36.939998626708984,36.16999816894531,36.099998474121094
36.540000915527344,36.79999923706055,36.779998779296875,36.470001220703125,36.68000030517578,36.29999923706055,37.16999816894531,37.060001373291016,37.09000015258789,37.47999954223633,37.810001373291016,37.279998779296875,37.41999816894531,37.0,37.099998474121094,36.86000061035156,37.29999923706055,37.34000015258789,37.7400016784668,37.20000076293945,37.31999969482422,37.09000015258789,37.36000061035156,37.29999923706055,37.09000015258789,37.66999816894531,37.11000061035156,37.119998931884766,37.189998626708984,36.91999816894531,37.18000030517578
37.099998474121094,36.86000061035156,37.29999923706055,37.34000015258789,37.7400016784668,37.20000076293945,37.31999969482422,37.09000015258789,37.36000061035156,37.29999923706055,37.09000015258789,37.66999816894531,37.11000061035156,37.119998931884766,37.189998626708984,36.91999816894531,37.18000030517578,37.380001068115234,37.38999938964844,37.90999984741211,37.369998931884766,37.43000030517578,37.939998626708984,37.400001525878906,36.9900016784668,37.349998474121094,37.22999954223633,37.31999969482422,36.939998626708984,36.16999816894531,36.099998474121094
37.47999954223633,37.810001373291016,37.279998779296875,37.41999816894531,37.0,37.099998474121094,36.86000061035156,37.29999923706055,37.34000015258789,37.7400016784668,37.20000076293945,37.31999969482422,37.09000015258789,37.36000061035156,37.29999923706055,37.09000015258789,37.66999816894531,37.11000061035156,37.119998931884766,37.189998626708984,36.91999816894531,37.18000030517578,37.380001068115234,37.38999938964844,37.90999984741211,37.369998931884766,37.43000030517578,37.939998626708984,37.400001525878906,36.9900016784668,37.349998474121094
33.45000076293945,33.13999938964844,33.29999923706055,33.90999984741211,33.22999954223633,33.040000915527344,32.95000076293945,32.65999984741211,32.58000183105469,32.84000015258789,32.849998474121094,32.310001373291016,32.36000061035156,33.0,33.0099983215332,32.63999938964844,33.060001373291016,33.599998474121094,33.79999923706055,33.63999938964844,34.27000045776367,34.529998779296875,34.900001525878906,34.349998474121094,34.400001525878906,34.400001525878906,34.619998931884766,34.900001525878906,35.04999923706055,34.34000015258789,34.04999923706055
35.880001068115234,36.380001068115234,36.119998931884766,36.40999984741211,36.84000015258789,36.97999954223633,37.0099983215332,36.560001373291016,36.52000045776367,36.459999084472656,36.5099983215332,36.31999969482422,36.2599983215332,36.599998474121094,36.220001220703125,36.099998474121094,36.400001525878906,36.45000076293945,36.4900016784668,36.11000061035156,36.119998931884766,35.91999816894531,36.2599983215332,36.47999954223633,36.119998931884766,36.47999954223633,36.72999954223633,36.130001068115234,35.97999954223633,35.849998474121094,35.90999984741211
36.630001068115234,36.720001220703125,36.939998626708984,36.88999938964844,36.369998931884766,36.810001373291016,37.060001373291016,37.36000061035156,37.2599983215332,37.2599983215332,37.29999923706055,39.310001373291016,39.790000915527344,40.400001525878906,40.0,39.900001525878906,40.58000183105469,41.189998626708984,41.130001068115234,41.34000015258789,41.65999984741211,41.63999938964844,41.779998779296875,41.06999969482422,40.97999954223633,41.060001373291016,41.43000030517578,41.900001525878906,41.02000045776367,40.939998626708984,41.38999938964844
41.880001068115234,41.5099983215332,42.029998779296875,42.279998779296875,42.61000061035156,42.13999938964844,41.689998626708984,41.88999938964844,42.20000076293945,42.5099983215332,42.43000030517578,42.529998779296875,42.439998626708984,42.130001068115234,42.900001525878906,42.790000915527344,42.720001220703125,42.560001373291016,42.93000030517578,42.91999816894531,42.68000030517578,42.58000183105469,42.849998474121094,42.84000015258789,42.040000915527344,42.0099983215332,42.40999984741211,42.33000183105469,42.720001220703125,41.86000061035156,42.11000061035156
44.900001525878906,45.470001220703125,44.869998931884766,44.29999923706055,45.33000183105469,45.16999816894531,45.13999938964844,45.150001525878906,46.119998931884766,45.27000045776367,45.61000061035156,46.349998474121094,45.970001220703125,46.400001525878906,47.2599983215332,48.040000915527344,48.380001068115234,49.15999984741211,49.29999923706055,48.93000030517578,48.83000183105469,49.029998779296875,48.75,49.810001373291016,49.38999938964844,48.79999923706055,48.84000015258789,49.56999969482422,49.380001068115234,48.77000045776367,48.599998474121094
48.77000045776367,48.599998474121094,48.65999984741211,49.040000915527344,49.4900016784668,49.77000045776367,49.880001068115234,50.34000015258789,50.599998474121094,50.95000076293945,50.709999084472656,50.25,50.349998474121094,50.220001220703125,50.65999984741211,50.619998931884766,50.630001068115234,50.400001525878906,50.529998779296875,49.81999969482422,49.43000030517578,48.7400016784668,48.91999816894531,49.15999984741211,49.439998626708984,49.79999923706055,49.29999923706055,49.13999938964844,49.70000076293945,48.880001068115234,48.900001525878906
45.2400016784668,46.27000045776367,45.369998931884766,45.56999969482422,43.959999084472656,44.470001220703125,43.4900016784668,44.279998779296875,43.959999084472656,44.650001525878906,44.54999923706055,45.040000915527344,45.83000183105469,46.02000045776367,45.7400016784668,45.45000076293945,44.790000915527344,44.630001068115234,44.939998626708984,46.060001373291016,46.369998931884766,45.290000915527344,45.86000061035156,46.279998779296875,46.83000183105469,46.20000076293945,46.38999938964844,45.13999938964844,45.029998779296875,43.599998474121094,43.189998626708984
44.619998931884766,45.34000015258789,45.2400016784668,46.27000045776367,45.369998931884766,45.56999969482422,43.959999084472656,44.470001220703125,43.4900016784668,44.279998779296875,43.959999084472656,44.650001525878906,44.54999923706055,45.040000915527344,45.83000183105469,46.02000045776367,45.7400016784668,45.45000076293945,44.790000915527344,44.630001068115234,44.939998626708984,46.060001373291016,46.369998931884766,45.290000915527344,45.86000061035156,46.279998779296875,46.83000183105469,46.20000076293945,46.38999938964844,45.13999938964844,45.029998779296875
45.86000061035156,46.279998779296875,46.83000183105469,46.20000076293945,46.38999938964844,45.13999938964844,45.029998779296875,43.599998474121094,43.189998626708984,44.060001373291016,43.4900016784668,45.61000061035156,46.02000045776367,44.040000915527344,46.310001373291016,47.7400016784668,47.849998474121094,46.970001220703125,46.900001525878906,46.16999816894531,44.93000030517578,43.970001220703125,45.09000015258789,46.470001220703125,46.29999923706055,46.83000183105469,46.63999938964844,46.2400016784668,46.77000045776367,45.06999969482422,44.849998474121094
44.63999938964844,45.29999923706055,45.47999954223633,45.22999954223633,45.09000015258789,44.959999084472656,45.68000030517578,46.5099983215332,45.77000045776367,46.06999969482422,45.970001220703125,46.099998474121094,46.68000030517578,46.5,46.08000183105469,47.02000045776367,46.72999954223633,47.40999984741211,48.029998779296875,47.970001220703125,47.709999084472656,48.380001068115234,47.540000915527344,47.90999984741211,48.2400016784668,47.41999816894531,47.33000183105469,47.02000045776367,46.900001525878906,45.630001068115234,46.25
45.65999984741211,45.130001068115234,45.40999984741211,44.54999923706055,44.63999938964844,45.29999923706055,45.47999954223633,45.22999954223633,45.09000015258789,44.959999084472656,45.68000030517578,46.5099983215332,45.77000045776367,46.06999969482422,45.970001220703125,46.099998474121094,46.68000030517578,46.5,46.08000183105469,47.02000045776367,46.72999954223633,47.40999984741211,48.029998779296875,47.970001220703125,47.709999084472656,48.380001068115234,47.540000915527344,47.90999984741211,48.2400016784668,47.41999816894531,47.33000183105469
46.5,46.08000183105469,47.02000045776367,46.72999954223633,47.40999984741211,48.029998779296875,47.970001220703125,47.709999084472656,48.380001068115234,47.540000915527344,47.90999984741211,48.2400016784668,47.41999816894531,47.33000183105469,47.02000045776367,46.900001525878906,45.630001068115234,46.25,46.290000915527344,46.5099983215332,47.20000076293945,47.66999816894531,47.9900016784668,48.099998474121094,48.209999084472656,47.279998779296875,47.439998626708984,47.720001220703125,47.790000915527344,46.279998779296875,46.84000015258789
46.470001220703125,47.290000915527344,46.59000015258789,46.45000076293945,46.04999923706055,46.5,47.47999954223633,47.5,47.66999816894531,47.779998779296875,48.400001525878906,49.310001373291016,49.20000076293945,49.16999816894531,49.15999984741211,47.97999954223633,47.63999938964844,48.209999084472656,47.380001068115234,46.54999923706055,47.13999938964844,46.720001220703125,47.099998474121094,47.54999923706055,48.0,47.459999084472656,46.61000061035156,46.880001068115234,46.560001373291016,46.29999923706055,46.439998626708984
49.310001373291016,49.20000076293945,49.16999816894531,49.15999984741211,47.97999954223633,47.63999938964844,48.209999084472656,47.380001068115234,46.54999923706055,47.13999938964844,46.720001220703125,47.099998474121094,47.54999923706055,48.0,47.459999084472656,46.61000061035156,46.880001068115234,46.560001373291016,46.29999923706055,46.439998626708984,46.290000915527344,47.63999938964844,47.61000061035156,48.189998626708984,48.22999954223633,47.959999084472656,48.20000076293945,47.95000076293945,48.52000045776367,46.15999984741211,44.81999969482422
46.439998626708984,46.290000915527344,47.63999938964844,47.61000061035156,48.189998626708984,48.22999954223633,47.959999084472656,48.20000076293945,47.95000076293945,48.52000045776367,46.15999984741211,44.81999969482422,42.650001525878906,44.279998779296875,42.619998931884766,41.33000183105469,42.22999954223633,42.72999954223633,42.06999969482422,42.72999954223633,43.959999084472656,44.900001525878906,43.40999984741211,43.650001525878906,43.68000030517578,43.15999984741211,43.43000030517578,43.88999938964844,43.86000061035156,43.040000915527344,43.099998474121094
40.619998931884766,40.22999954223633,40.47999954223633,40.61000061035156,40.27000045776367,40.83000183105469,40.33000183105469,40.25,41.470001220703125,41.310001373291016,40.970001220703125,41.630001068115234,42.66999816894531,43.22999954223633,42.720001220703125,42.900001525878906,42.849998474121094,43.06999969482422,42.880001068115234,43.47999954223633,44.16999816894531,43.66999816894531,43.849998474121094,44.709999084472656,44.38999938964844,44.66999816894531,44.369998931884766,44.0099983215332,44.689998626708984,43.900001525878906,44.279998779296875
41.310001373291016,40.970001220703125,41.630001068115234,42.66999816894531,43.22999954223633,42.720001220703125,42.900001525878906,42.849998474121094,43.06999969482422,42.880001068115234,43.47999954223633,44.16999816894531,43.66999816894531,43.849998474121094,44.709999084472656,44.38999938964844,44.66999816894531,44.369998931884766,44.0099983215332,44.689998626708984,43.900001525878906,44.279998779296875,44.029998779296875,44.66999816894531,44.630001068115234,44.869998931884766,45.09000015258789,44.65999984741211,44.31999969482422,43.720001220703125,43.81999969482422
40.619998931884766,40.22999954223633,40.47999954223633,40.61000061035156,40.27000045776367,40.83000183105469,40.33000183105469,40.25,41.470001220703125,41.310001373291016,40.970001220703125,41.630001068115234,42.66999816894531,43.22999954223633,42.720001220703125,42.900001525878906,42.849998474121094,43.06999969482422,42.880001068115234,43.47999954223633,44.16999816894531,43.66999816894531,43.849998474121094,44.709999084472656,44.38999938964844,44.66999816894531,44.369998931884766,44.0099983215332,44.689998626708984,43.900001525878906,44.279998779296875
41.310001373291016,40.970001220703125,41.630001068115234,42.66999816894531,43.22999954223633,42.720001220703125,42.900001525878906,42.849998474121094,43.06999969482422,42.880001068115234,43.47999954223633,44.16999816894531,43.66999816894531,43.849998474121094,44.709999084472656,44.38999938964844,44.66999816894531,44.369998931884766,44.0099983215332,44.689998626708984,43.900001525878906,44.279998779296875,44.029998779296875,44.66999816894531,44.630001068115234,44.869998931884766,45.09000015258789,44.65999984741211,44.31999969482422,43.720001220703125,43.81999969482422
43.66999816894531,43.849998474121094,44.709999084472656,44.38999938964844,44.66999816894531,44.369998931884766,44.0099983215332,44.689998626708984,43.900001525878906,44.279998779296875,44.029998779296875,44.66999816894531,44.630001068115234,44.869998931884766,45.09000015258789,44.65999984741211,44.31999969482422,43.720001220703125,43.81999969482422,43.869998931884766,44.08000183105469,43.77000045776367,43.349998474121094,42.939998626708984,43.40999984741211,43.33000183105469,43.86000061035156,43.310001373291016,43.02000045776367,42.130001068115234,42.83000183105469
43.720001220703125,43.81999969482422,43.869998931884766,44.08000183105469,43.77000045776367,43.349998474121094,42.939998626708984,43.40999984741211,43.33000183105469,43.86000061035156,43.310001373291016,43.02000045776367,42.130001068115234,42.83000183105469,43.0,43.11000061035156,42.33000183105469,42.08000183105469,42.290000915527344,43.02000045776367,43.25,41.959999084472656,42.810001373291016,42.540000915527344,42.0099983215332,41.959999084472656,42.790000915527344,42.970001220703125,42.61000061035156,41.939998626708984,42.15999984741211
41.34000015258789,41.369998931884766,41.0099983215332,41.2400016784668,40.150001525878906,39.58000183105469,40.22999954223633,40.2599983215332,39.900001525878906,39.560001373291016,39.7400016784668,41.150001525878906,40.95000076293945,40.810001373291016,40.119998931884766,39.630001068115234,39.75,38.90999984741211,38.900001525878906,39.470001220703125,39.90999984741211,40.029998779296875,39.79999923706055,39.959999084472656,39.65999984741211,39.38999938964844,39.40999984741211,40.150001525878906,39.5,38.77000045776367,39.060001373291016
38.599998474121094,38.959999084472656,38.599998474121094,38.970001220703125,39.29999923706055,39.86000061035156,39.040000915527344,39.369998931884766,39.029998779296875,38.09000015258789,37.45000076293945,38.7599983215332,38.34000015258789,38.599998474121094,38.83000183105469,39.119998931884766,38.25,37.75,35.040000915527344,35.75,38.18000030517578,37.04999923706055,36.630001068115234,36.790000915527344,37.5099983215332,37.15999984741211,36.68000030517578,37.029998779296875,37.18000030517578,36.66999816894531,35.540000915527344
37.75,35.040000915527344,35.75,38.18000030517578,37.04999923706055,36.630001068115234,36.790000915527344,37.5099983215332,37.15999984741211,36.68000030517578,37.029998779296875,37.18000030517578,36.66999816894531,35.540000915527344,34.099998474121094,32.9900016784668,31.860000610351562,30.100000381469727,28.0,31.700000762939453,32.099998474121094,29.31999969482422,30.049999237060547,30.350000381469727,32.56999969482422,31.360000610351562,29.760000228881836,32.209999084472656,30.979999542236328,29.639999389648438,33.0099983215332
36.630001068115234,36.790000915527344,37.5099983215332,37.15999984741211,36.68000030517578,37.029998779296875,37.18000030517578,36.66999816894531,35.540000915527344,34.099998474121094,32.9900016784668,31.860000610351562,30.100000381469727,28.0,31.700000762939453,32.099998474121094,29.31999969482422,30.049999237060547,30.350000381469727,32.56999969482422,31.360000610351562,29.760000228881836,32.209999084472656,30.979999542236328,29.639999389648438,33.0099983215332,32.31999969482422,33.20000076293945,32.630001068115234,32.310001373291016,32.77000045776367
32.310001373291016,32.77000045776367,31.760000228881836,29.239999771118164,30.8700008392334,30.209999084472656,30.5,29.15999984741211,32.02000045776367,30.950000762939453,30.68000030517578,30.459999084472656,29.3700008392334,27.850000381469727,29.010000228881836,29.149999618530273,30.1299991607666,30.6299991607666,31.290000915527344,30.420000076293945,29.139999389648438,30.190000534057617,28.899999618530273,29.90999984741211,29.510000228881836,29.219999313354492,30.09000015258789,29.969999313354492,29.829999923706055,29.219999313354492,30.260000228881836
33.689998626708984,33.11000061035156,32.75,33.279998779296875,32.61000061035156,32.790000915527344,32.130001068115234,31.56999969482422,31.760000228881836,32.5,31.829999923706055,32.34000015258789,31.850000381469727,31.940000534057617,32.5099983215332,32.20000076293945,31.760000228881836,32.70000076293945,31.350000381469727,32.380001068115234,32.529998779296875,32.869998931884766,33.630001068115234,33.220001220703125,32.939998626708984,31.860000610351562,31.670000076293945,31.440000534057617,31.809999465942383,30.049999237060547,29.799999237060547
29.219999313354492,30.260000228881836,30.200000762939453,31.420000076293945,31.90999984741211,32.33000183105469,31.59000015258789,31.790000915527344,32.08000183105469,31.920000076293945,32.04999923706055,33.279998779296875,34.0,33.689998626708984,33.11000061035156,32.75,33.279998779296875,32.61000061035156,32.790000915527344,32.130001068115234,31.56999969482422,31.760000228881836,32.5,31.829999923706055,32.34000015258789,31.850000381469727,31.940000534057617,32.5099983215332,32.20000076293945,31.760000228881836,32.70000076293945
30.200000762939453,31.420000076293945,31.90999984741211,32.33000183105469,31.59000015258789,31.790000915527344,32.08000183105469,31.920000076293945,32.04999923706055,33.279998779296875,34.0,33.689998626708984,33.11000061035156,32.75,33.279998779296875,32.61000061035156,32.790000915527344,32.130001068115234,31.56999969482422,31.760000228881836,32.5,31.829999923706055,32.34000015258789,31.850000381469727,31.940000534057617,32.5099983215332,32.20000076293945,31.760000228881836,32.70000076293945,31.350000381469727,32.380001068115234
25.079999923706055,25.260000228881836,25.40999984741211,26.34000015258789,26.299999237060547,26.31999969482422,26.100000381469727,26.479999542236328,26.399999618530273,26.09000015258789,25.860000610351562,26.5,27.1200008392334,27.329999923706055,26.809999465942383,26.770000457763672,26.149999618530273,26.139999389648438,26.15999984741211,26.309999465942383,26.350000381469727,26.440000534057617,26.3799991607666,26.940000534057617,26.770000457763672,26.709999084472656,26.18000030517578,26.229999542236328,26.149999618530273,26.100000381469727,26.639999389648438
25.40999984741211,26.34000015258789,26.299999237060547,26.31999969482422,26.100000381469727,26.479999542236328,26.399999618530273,26.09000015258789,25.860000610351562,26.5,27.1200008392334,27.329999923706055,26.809999465942383,26.770000457763672,26.149999618530273,26.139999389648438,26.15999984741211,26.309999465942383,26.350000381469727,26.440000534057617,26.3799991607666,26.940000534057617,26.770000457763672,26.709999084472656,26.18000030517578,26.229999542236328,26.149999618530273,26.100000381469727,26.639999389648438,26.030000686645508,25.709999084472656
31.489999771118164,31.540000915527344,31.260000228881836,31.459999084472656,31.639999389648438,31.860000610351562,31.43000030517578,31.06999969482422,30.790000915527344,30.799999237060547,30.989999771118164,30.860000610351562,30.899999618530273,30.68000030517578,30.690000534057617,31.190000534057617,31.540000915527344,31.829999923706055,31.6299991607666,32.060001373291016,31.950000762939453,31.450000762939453,31.360000610351562,31.110000610351562,30.979999542236328,31.18000030517578,31.049999237060547,30.989999771118164,30.850000381469727,30.3700008392334,30.649999618530273
30.649999618530273,30.959999084472656,31.020000457763672,30.889999389648438,30.809999465942383,30.75,31.190000534057617,31.030000686645508,31.06999969482422,31.139999389648438,31.059999465942383,31.110000610351562,30.889999389648438,30.68000030517578,30.739999771118164,31.190000534057617,31.489999771118164,31.540000915527344,31.260000228881836,31.459999084472656,31.639999389648438,31.860000610351562,31.43000030517578,31.06999969482422,30.790000915527344,30.799999237060547,30.989999771118164,30.860000610351562,30.899999618530273,30.68000030517578,30.690000534057617
31.489999771118164,31.540000915527344,31.260000228881836,31.459999084472656,31.639999389648438,31.860000610351562,31.43000030517578,31.06999969482422,30.790000915527344,30.799999237060547,30.989999771118164,30.860000610351562,30.899999618530273,30.68000030517578,30.690000534057617,31.190000534057617,31.540000915527344,31.829999923706055,31.6299991607666,32.060001373291016,31.950000762939453,31.450000762939453,31.360000610351562,31.110000610351562,30.979999542236328,31.18000030517578,31.049999237060547,30.989999771118164,30.850000381469727,30.3700008392334,30.649999618530273
31.829999923706055,31.6299991607666,32.060001373291016,31.950000762939453,31.450000762939453,31.360000610351562,31.110000610351562,30.979999542236328,31.18000030517578,31.049999237060547,30.989999771118164,30.850000381469727,30.3700008392334,30.649999618530273,30.790000915527344,30.719999313354492,30.549999237060547,30.709999084472656,30.829999923706055,30.459999084472656,30.5,30.959999084472656,31.43000030517578,31.719999313354492,31.270000457763672,31.010000228881836,31.290000915527344,30.809999465942383,30.420000076293945,30.200000762939453,29.65999984741211
31.270000457763672,31.860000610351562,32.18000030517578,32.15999984741211,31.549999237060547,32.189998626708984,33.040000915527344,33.939998626708984,34.04999923706055,33.790000915527344,34.25,34.33000183105469,34.63999938964844,34.91999816894531,35.58000183105469,35.40999984741211,35.060001373291016,35.18000030517578,34.81999969482422,35.08000183105469,35.18000030517578,34.84000015258789,34.72999954223633,35.119998931884766,35.029998779296875,35.31999969482422,35.2599983215332,34.790000915527344,34.939998626708984,34.540000915527344,34.88999938964844
34.84000015258789,34.72999954223633,35.119998931884766,35.029998779296875,35.31999969482422,35.2599983215332,34.790000915527344,34.939998626708984,34.540000915527344,34.88999938964844,35.189998626708984,35.61000061035156,35.97999954223633,35.619998931884766,36.060001373291016,36.20000076293945,36.0099983215332,36.439998626708984,36.52000045776367,36.11000061035156,35.41999816894531,35.619998931884766,35.61000061035156,35.529998779296875,35.060001373291016,34.650001525878906,34.599998474121094,35.060001373291016,34.70000076293945,33.75,33.63999938964844
33.970001220703125,33.90999984741211,34.25,34.18000030517578,34.119998931884766,34.150001525878906,34.220001220703125,34.099998474121094,34.38999938964844,34.77000045776367,34.81999969482422,34.7599983215332,34.52000045776367,34.08000183105469,34.29999923706055,33.9900016784668,33.900001525878906,34.09000015258789,34.369998931884766,34.41999816894531,34.18000030517578,34.4900016784668,34.310001373291016,34.29999923706055,34.08000183105469,33.959999084472656,34.27000045776367,34.08000183105469,34.06999969482422,33.900001525878906,33.77000045776367
33.900001525878906,34.09000015258789,34.369998931884766,34.41999816894531,34.18000030517578,34.4900016784668,34.310001373291016,34.29999923706055,34.08000183105469,33.959999084472656,34.27000045776367,34.08000183105469,34.06999969482422,33.900001525878906,33.77000045776367,33.72999954223633,33.79999923706055,33.95000076293945,33.95000076293945,33.97999954223633,34.02000045776367,33.7599983215332,33.34000015258789,33.52000045776367,33.84000015258789,34.29999923706055,34.560001373291016,33.61000061035156,33.369998931884766,32.18000030517578,31.920000076293945
34.02000045776367,33.7599983215332,33.34000015258789,33.52000045776367,33.84000015258789,34.29999923706055,34.560001373291016,33.61000061035156,33.369998931884766,32.18000030517578,31.920000076293945,33.13999938964844,33.150001525878906,33.58000183105469,33.29999923706055,33.0,32.9900016784668,32.599998474121094,32.310001373291016,31.34000015258789,31.459999084472656,31.190000534057617,30.969999313354492,31.020000457763672,31.989999771118164,31.959999084472656,31.200000762939453,31.850000381469727,32.15999984741211,31.1200008392334,31.43000030517578
35.40999984741211,36.11000061035156,35.86000061035156,36.119998931884766,36.16999816894531,36.08000183105469,36.349998474121094,36.630001068115234,36.70000076293945,36.41999816894531,36.18000030517578,36.0,35.880001068115234,36.34000015258789,36.0099983215332,36.43000030517578,36.099998474121094,36.5,36.540000915527344,36.720001220703125,36.459999084472656,36.22999954223633,36.220001220703125,36.20000076293945,36.34000015258789,36.2599983215332,36.04999923706055,36.189998626708984,36.290000915527344,35.86000061035156,35.83000183105469
36.04999923706055,36.189998626708984,36.290000915527344,35.86000061035156,35.83000183105469,35.790000915527344,35.939998626708984,36.33000183105469,36.52000045776367,36.81999969482422,36.900001525878906,36.70000076293945,36.459999084472656,36.65999984741211,36.849998474121094,37.209999084472656,37.439998626708984,37.279998779296875,37.630001068115234,37.54999923706055,37.59000015258789,37.70000076293945,36.93000030517578,36.900001525878906,36.599998474121094,36.540000915527344,36.52000045776367,36.43000030517578,35.939998626708984,35.720001220703125,36.060001373291016
35.95000076293945,35.689998626708984,35.81999969482422,35.619998931884766,36.040000915527344,35.83000183105469,35.7400016784668,35.61000061035156,35.86000061035156,35.52000045776367,35.83000183105469,35.77000045776367,35.849998474121094,35.7599983215332,35.61000061035156,35.380001068115234,35.11000061035156,35.279998779296875,35.779998779296875,35.29999923706055,35.59000015258789,35.959999084472656,35.33000183105469,35.61000061035156,35.97999954223633,36.29999923706055,35.75,35.810001373291016,35.34000015258789,34.91999816894531,34.2599983215332
35.91999816894531,35.95000076293945,35.66999816894531,35.45000076293945,36.209999084472656,35.95000076293945,36.470001220703125,36.439998626708984,36.75,36.65999984741211,36.40999984741211,36.689998626708984,35.86000061035156,35.68000030517578,35.95000076293945,35.689998626708984,35.81999969482422,35.619998931884766,36.040000915527344,35.83000183105469,35.7400016784668,35.61000061035156,35.86000061035156,35.52000045776367,35.83000183105469,35.77000045776367,35.849998474121094,35.7599983215332,35.61000061035156,35.380001068115234,35.11000061035156
35.95000076293945,35.689998626708984,35.81999969482422,35.619998931884766,36.040000915527344,35.83000183105469,35.7400016784668,35.61000061035156,35.86000061035156,35.52000045776367,35.83000183105469,35.77000045776367,35.849998474121094,35.7599983215332,35.61000061035156,35.380001068115234,35.11000061035156,35.279998779296875,35.779998779296875,35.29999923706055,35.59000015258789,35.959999084472656,35.33000183105469,35.61000061035156,35.97999954223633,36.29999923706055,35.75,35.810001373291016,35.34000015258789,34.91999816894531,34.2599983215332
37.63999938964844,37.90999984741211,37.880001068115234,37.58000183105469,37.29999923706055,37.099998474121094,37.29999923706055,37.43000030517578,37.56999969482422,37.68000030517578,38.18000030517578,38.5099983215332,38.5,38.52000045776367,38.349998474121094,37.91999816894531,38.15999984741211,37.970001220703125,37.56999969482422,37.47999954223633,37.11000061035156,37.38999938964844,37.599998474121094,38.02000045776367,37.709999084472656,37.7400016784668,37.70000076293945,37.689998626708984,37.15999984741211,36.86000061035156,37.849998474121094
36.86000061035156,37.849998474121094,37.119998931884766,37.119998931884766,36.029998779296875,36.2400016784668,33.90999984741211,35.060001373291016,34.27000045776367,35.77000045776367,35.7599983215332,37.4900016784668,37.189998626708984,37.83000183105469,37.2599983215332,37.060001373291016,37.040000915527344,37.540000915527344,38.209999084472656,37.59000015258789,37.560001373291016,38.25,38.45000076293945,38.630001068115234,38.369998931884766,37.97999954223633,38.130001068115234,38.2400016784668,37.689998626708984,36.79999923706055,37.119998931884766
37.540000915527344,38.209999084472656,37.59000015258789,37.560001373291016,38.25,38.45000076293945,38.630001068115234,38.369998931884766,37.97999954223633,38.130001068115234,38.2400016784668,37.689998626708984,36.79999923706055,37.119998931884766,37.130001068115234,37.459999084472656,37.63999938964844,37.52000045776367,37.529998779296875,38.310001373291016,37.45000076293945,37.08000183105469,37.45000076293945,37.77000045776367,37.900001525878906,37.70000076293945,38.470001220703125,38.02000045776367,37.150001525878906,36.65999984741211,37.040000915527344
38.470001220703125,38.02000045776367,37.150001525878906,36.65999984741211,37.040000915527344,37.619998931884766,37.7400016784668,38.58000183105469,38.29999923706055,38.209999084472656,38.310001373291016,38.65999984741211,38.310001373291016,38.560001373291016,38.470001220703125,38.959999084472656,39.130001068115234,39.04999923706055,38.650001525878906,38.79999923706055,39.720001220703125,39.41999816894531,39.279998779296875,38.709999084472656,39.349998474121094,39.869998931884766,39.70000076293945,39.7599983215332,39.20000076293945,38.43000030517578,38.84000015258789
37.7400016784668,38.58000183105469,38.29999923706055,38.209999084472656,38.310001373291016,38.65999984741211,38.310001373291016,38.560001373291016,38.470001220703125,38.959999084472656,39.130001068115234,39.04999923706055,38.650001525878906,38.79999923706055,39.720001220703125,39.41999816894531,39.279998779296875,38.709999084472656,39.349998474121094,39.869998931884766,39.70000076293945,39.7599983215332,39.20000076293945,38.43000030517578,38.84000015258789,39.52000045776367,39.06999969482422,39.220001220703125,38.630001068115234,38.33000183105469,38.560001373291016
39.72999954223633,39.31999969482422,39.459999084472656,38.720001220703125,39.7400016784668,39.65999984741211,39.290000915527344,39.939998626708984,40.849998474121094,41.369998931884766,41.56999969482422,41.650001525878906,41.279998779296875,41.540000915527344,41.310001373291016,40.77000045776367,40.900001525878906,40.95000076293945,40.790000915527344,40.97999954223633,41.2599983215332,41.22999954223633,41.349998474121094,41.369998931884766,41.43000030517578,41.540000915527344,41.099998474121094,41.0099983215332,40.79999923706055,40.66999816894531,41.380001068115234
38.720001220703125,39.7400016784668,39.65999984741211,39.290000915527344,39.939998626708984,40.849998474121094,41.369998931884766,41.56999969482422,41.650001525878906,41.279998779296875,41.540000915527344,41.310001373291016,40.77000045776367,40.900001525878906,40.95000076293945,40.790000915527344,40.97999954223633,41.2599983215332,41.22999954223633,41.349998474121094,41.369998931884766,41.43000030517578,41.540000915527344,41.099998474121094,41.0099983215332,40.79999923706055,40.66999816894531,41.380001068115234,41.279998779296875,39.95000076293945,39.459999084472656
37.72999954223633,38.22999954223633,37.959999084472656,37.61000061035156,37.72999954223633,37.959999084472656,38.2599983215332,38.189998626708984,38.22999954223633,38.189998626708984,38.209999084472656,38.68000030517578,39.04999923706055,38.29999923706055,38.40999984741211,38.72999954223633,38.40999984741211,38.439998626708984,38.22999954223633,38.29999923706055,38.47999954223633,38.4900016784668,38.650001525878906,38.16999816894531,38.279998779296875,38.58000183105469,38.880001068115234,38.779998779296875,38.58000183105469,37.9900016784668,37.810001373291016
43.959999084472656,43.65999984741211,43.56999969482422,43.52000045776367,43.83000183105469,43.970001220703125,44.0099983215332,44.45000076293945,44.36000061035156,44.36000061035156,43.81999969482422,43.939998626708984,43.90999984741211,44.16999816894531,44.439998626708984,44.459999084472656,44.220001220703125,44.36000061035156,44.43000030517578,44.08000183105469,44.2400016784668,44.119998931884766,44.5099983215332,44.560001373291016,45.02000045776367,45.27000045776367,44.97999954223633,44.95000076293945,44.619998931884766,43.81999969482422,43.90999984741211
41.34000015258789,41.18000030517578,40.959999084472656,41.52000045776367,41.45000076293945,41.18000030517578,40.9900016784668,41.029998779296875,41.47999954223633,41.45000076293945,41.880001068115234,42.18000030517578,42.650001525878906,42.279998779296875,42.349998474121094,43.20000076293945,43.27000045776367,43.27000045776367,43.369998931884766,43.439998626708984,43.47999954223633,42.939998626708984,42.84000015258789,43.529998779296875,43.90999984741211,43.5099983215332,43.599998474121094,43.45000076293945,43.20000076293945,42.790000915527344,42.63999938964844
48.150001525878906,48.630001068115234,48.5,48.34000015258789,48.099998474121094,48.65999984741211,48.709999084472656,49.22999954223633,49.0,49.63999938964844,49.93000030517578,49.97999954223633,49.06999969482422,49.540000915527344,49.369998931884766,49.47999954223633,49.939998626708984,50.369998931884766,50.63999938964844,50.900001525878906,50.7599983215332,50.540000915527344,51.310001373291016,51.43000030517578,51.22999954223633,51.16999816894531,51.08000183105469,50.459999084472656,51.06999969482422,50.119998931884766,48.83000183105469
43.90999984741211,44.599998474121094,44.47999954223633,44.779998779296875,44.470001220703125,44.47999954223633,44.459999084472656,44.279998779296875,44.56999969482422,44.56999969482422,45.41999816894531,46.2400016784668,46.54999923706055,47.5,47.22999954223633,47.09000015258789,47.220001220703125,47.13999938964844,47.09000015258789,47.099998474121094,46.380001068115234,45.810001373291016,46.470001220703125,46.70000076293945,46.54999923706055,46.349998474121094,46.54999923706055,46.58000183105469,46.38999938964844,45.790000915527344,45.470001220703125
43.779998779296875,43.310001373291016,42.68000030517578,42.81999969482422,42.369998931884766,42.689998626708984,43.15999984741211,42.650001525878906,42.77000045776367,43.0099983215332,42.689998626708984,42.79999923706055,42.15999984741211,42.209999084472656,42.13999938964844,42.560001373291016,42.66999816894531,42.88999938964844,42.209999084472656,41.91999816894531,42.619998931884766,42.81999969482422,43.20000076293945,44.810001373291016,44.66999816894531,43.72999954223633,44.33000183105469,44.209999084472656,43.790000915527344,43.63999938964844,43.439998626708984
42.689998626708984,43.15999984741211,42.650001525878906,42.77000045776367,43.0099983215332,42.689998626708984,42.79999923706055,42.15999984741211,42.209999084472656,42.13999938964844,42.560001373291016,42.66999816894531,42.88999938964844,42.209999084472656,41.91999816894531,42.619998931884766,42.81999969482422,43.20000076293945,44.810001373291016,44.66999816894531,43.72999954223633,44.33000183105469,44.209999084472656,43.790000915527344,43.63999938964844,43.439998626708984,43.349998474121094,43.720001220703125,43.880001068115234,43.33000183105469,43.34000015258789
47.27000045776367,47.099998474121094,46.84000015258789,47.040000915527344,47.189998626708984,46.56999969482422,46.7400016784668,46.25,46.25,47.099998474121094,47.369998931884766,47.31999969482422,47.59000015258789,47.84000015258789,48.31999969482422,48.0099983215332,47.5099983215332,47.630001068115234,47.70000076293945,47.54999923706055,47.439998626708984,47.06999969482422,47.060001373291016,46.630001068115234,46.869998931884766,46.86000061035156,46.47999954223633,47.099998474121094,46.720001220703125,46.15999984741211,45.779998779296875
50.0,50.65999984741211,50.400001525878906,50.40999984741211,50.56999969482422,50.779998779296875,50.689998626708984,51.40999984741211,51.540000915527344,50.9900016784668,50.900001525878906,51.279998779296875,52.31999969482422,52.5,51.72999954223633,51.650001525878906,51.66999816894531,51.900001525878906,52.33000183105469,53.380001068115234,54.439998626708984,53.880001068115234,53.810001373291016,53.869998931884766,52.83000183105469,53.36000061035156,52.849998474121094,53.5,53.060001373291016,52.31999969482422,51.7599983215332
52.779998779296875,53.09000015258789,52.810001373291016,54.119998931884766,54.900001525878906,54.47999954223633,54.45000076293945,54.650001525878906,55.119998931884766,55.0,55.33000183105469,55.77000045776367,55.209999084472656,54.16999816894531,53.7599983215332,53.77000045776367,54.54999923706055,54.709999084472656,54.79999923706055,54.310001373291016,53.599998474121094,53.93000030517578,54.209999084472656,53.47999954223633,54.38999938964844,54.040000915527344,54.04999923706055,53.970001220703125,54.0099983215332,53.220001220703125,54.650001525878906
54.119998931884766,54.900001525878906,54.47999954223633,54.45000076293945,54.650001525878906,55.119998931884766,55.0,55.33000183105469,55.77000045776367,55.209999084472656,54.16999816894531,53.7599983215332,53.77000045776367,54.54999923706055,54.709999084472656,54.79999923706055,54.310001373291016,53.599998474121094,53.93000030517578,54.209999084472656,53.47999954223633,54.38999938964844,54.040000915527344,54.04999923706055,53.970001220703125,54.0099983215332,53.220001220703125,54.650001525878906,54.09000015258789,53.0,51.9900016784668
52.779998779296875,53.09000015258789,52.810001373291016,54.119998931884766,54.900001525878906,54.47999954223633,54.45000076293945,54.650001525878906,55.119998931884766,55.0,55.33000183105469,55.77000045776367,55.209999084472656,54.16999816894531,53.7599983215332,53.77000045776367,54.54999923706055,54.709999084472656,54.79999923706055,54.310001373291016,53.599998474121094,53.93000030517578,54.209999084472656,53.47999954223633,54.38999938964844,54.040000915527344,54.04999923706055,53.970001220703125,54.0099983215332,53.220001220703125,54.650001525878906
54.119998931884766,54.900001525878906,54.47999954223633,54.45000076293945,54.650001525878906,55.119998931884766,55.0,55.33000183105469,55.77000045776367,55.209999084472656,54.16999816894531,53.7599983215332,53.77000045776367,54.54999923706055,54.709999084472656,54.79999923706055,54.310001373291016,53.599998474121094,53.93000030517578,54.209999084472656,53.47999954223633,54.38999938964844,54.040000915527344,54.04999923706055,53.970001220703125,54.0099983215332,53.220001220703125,54.650001525878906,54.09000015258789,53.0,51.9900016784668
52.310001373291016,51.400001525878906,50.84000015258789,49.279998779296875,49.84000015258789,50.52000045776367,50.34000015258789,50.40999984741211,50.77000045776367,51.13999938964844,51.41999816894531,51.470001220703125,52.20000076293945,52.380001068115234,52.79999923706055,52.540000915527344,52.95000076293945,52.2599983215332,53.150001525878906,53.31999969482422,53.70000076293945,52.880001068115234,53.36000061035156,53.0,53.86000061035156,53.529998779296875,52.9900016784668,52.9900016784668,53.540000915527344,52.47999954223633,52.689998626708984
50.77000045776367,51.13999938964844,51.41999816894531,51.470001220703125,52.20000076293945,52.380001068115234,52.79999923706055,52.540000915527344,52.95000076293945,52.2599983215332,53.150001525878906,53.31999969482422,53.70000076293945,52.880001068115234,53.36000061035156,53.0,53.86000061035156,53.529998779296875,52.9900016784668,52.9900016784668,53.540000915527344,52.47999954223633,52.689998626708984,53.630001068115234,53.31999969482422,52.7400016784668,53.279998779296875,52.970001220703125,52.560001373291016,52.470001220703125,52.09000015258789
50.40999984741211,50.77000045776367,51.13999938964844,51.41999816894531,51.470001220703125,52.20000076293945,52.380001068115234,52.79999923706055,52.540000915527344,52.95000076293945,52.2599983215332,53.150001525878906,53.31999969482422,53.70000076293945,52.880001068115234,53.36000061035156,53.0,53.86000061035156,53.529998779296875,52.9900016784668,52.9900016784668,53.540000915527344,52.47999954223633,52.689998626708984,53.630001068115234,53.31999969482422,52.7400016784668,53.279998779296875,52.970001220703125,52.560001373291016,52.470001220703125
58.650001525878906,58.130001068115234,59.7400016784668,57.869998931884766,58.31999969482422,58.380001068115234,57.939998626708984,56.869998931884766,56.310001373291016,56.060001373291016,57.189998626708984,57.25,57.2400016784668,57.22999954223633,57.41999816894531,56.79999923706055,56.58000183105469,56.65999984741211,57.54999923706055,58.0099983215332,58.36000061035156,58.5099983215332,58.439998626708984,57.7599983215332,58.7599983215332,58.869998931884766,58.22999954223633,58.86000061035156,58.689998626708984,58.08000183105469,57.83000183105469
61.869998931884766,62.7599983215332,63.15999984741211,63.56999969482422,63.529998779296875,64.13999938964844,64.08000183105469,64.5199966430664,64.56999969482422,64.25,63.380001068115234,63.720001220703125,62.810001373291016,63.060001373291016,62.7599983215332,62.220001220703125,62.45000076293945,59.150001525878906,58.2400016784668,59.310001373291016,58.279998779296875,57.97999954223633,57.83000183105469,57.869998931884766,59.119998931884766,58.40999984741211,58.720001220703125,59.09000015258789,59.279998779296875,58.08000183105469,57.40999984741211
58.279998779296875,57.97999954223633,57.83000183105469,57.869998931884766,59.119998931884766,58.40999984741211,58.720001220703125,59.09000015258789,59.279998779296875,58.08000183105469,57.40999984741211,57.58000183105469,56.150001525878906,56.72999954223633,56.58000183105469,57.08000183105469,55.0099983215332,55.18000030517578,55.2599983215332,54.77000045776367,55.970001220703125,55.310001373291016,56.15999984741211,55.900001525878906,57.54999923706055,57.04999923706055,57.70000076293945,57.95000076293945,57.25,55.90999984741211,55.33000183105469
55.90999984741211,55.33000183105469,55.900001525878906,56.58000183105469,56.25,56.369998931884766,56.459999084472656,57.099998474121094,56.369998931884766,55.97999954223633,55.790000915527344,56.38999938964844,55.66999816894531,56.099998474121094,56.36000061035156,55.849998474121094,55.72999954223633,56.630001068115234,55.970001220703125,56.13999938964844,56.900001525878906,57.880001068115234,57.709999084472656,58.08000183105469,57.790000915527344,56.869998931884766,57.029998779296875,57.36000061035156,55.900001525878906,54.959999084472656,55.2599983215332
55.970001220703125,56.13999938964844,56.900001525878906,57.880001068115234,57.709999084472656,58.08000183105469,57.790000915527344,56.869998931884766,57.029998779296875,57.36000061035156,55.900001525878906,54.959999084472656,55.2599983215332,55.79999923706055,55.43000030517578,54.95000076293945,54.279998779296875,55.099998474121094,55.599998474121094,55.880001068115234,55.79999923706055,55.91999816894531,55.810001373291016,55.650001525878906,55.33000183105469,56.060001373291016,56.099998474121094,56.290000915527344,56.0099983215332,55.16999816894531,54.380001068115234
53.459999084472656,53.88999938964844,54.310001373291016,53.93000030517578,53.650001525878906,53.72999954223633,54.060001373291016,54.83000183105469,54.470001220703125,54.2400016784668,53.34000015258789,52.959999084472656,52.619998931884766,52.90999984741211,52.79999923706055,52.970001220703125,53.290000915527344,54.22999954223633,54.529998779296875,56.08000183105469,56.029998779296875,55.52000045776367,55.560001373291016,55.34000015258789,55.189998626708984,55.68000030517578,56.36000061035156,55.720001220703125,55.540000915527344,54.88999938964844,55.209999084472656
59.16999816894531,57.47999954223633,57.81999969482422,57.66999816894531,57.06999969482422,56.209999084472656,56.650001525878906,56.88999938964844,56.75,56.709999084472656,56.4900016784668,53.959999084472656,54.43000030517578,55.099998474121094,55.560001373291016,55.31999969482422,55.060001373291016,56.209999084472656,55.04999923706055,55.40999984741211,56.31999969482422,56.540000915527344,55.9900016784668,55.790000915527344,55.61000061035156,55.939998626708984,56.0099983215332,56.72999954223633,55.33000183105469,54.70000076293945,55.84000015258789
58.939998626708984,59.16999816894531,57.47999954223633,57.81999969482422,57.66999816894531,57.06999969482422,56.209999084472656,56.650001525878906,56.88999938964844,56.75,56.709999084472656,56.4900016784668,53.959999084472656,54.43000030517578,55.099998474121094,55.560001373291016,55.31999969482422,55.060001373291016,56.209999084472656,55.04999923706055,55.40999984741211,56.31999969482422,56.540000915527344,55.9900016784668,55.790000915527344,55.61000061035156,55.939998626708984,56.0099983215332,56.72999954223633,55.33000183105469,54.70000076293945
56.650001525878906,56.88999938964844,56.75,56.709999084472656,56.4900016784668,53.959999084472656,54.43000030517578,55.099998474121094,55.560001373291016,55.31999969482422,55.060001373291016,56.209999084472656,55.04999923706055,55.40999984741211,56.31999969482422,56.540000915527344,55.9900016784668,55.790000915527344,55.61000061035156,55.939998626708984,56.0099983215332,56.72999954223633,55.33000183105469,54.70000076293945,55.84000015258789,56.25,55.880001068115234,56.25,54.880001068115234,54.560001373291016,54.540000915527344
55.61000061035156,55.939998626708984,56.0099983215332,56.72999954223633,55.33000183105469,54.70000076293945,55.84000015258789,56.25,55.880001068115234,56.25,54.880001068115234,54.560001373291016,54.540000915527344,56.040000915527344,57.0099983215332,57.41999816894531,56.279998779296875,56.54999923706055,57.209999084472656,58.25,58.400001525878906,58.599998474121094,58.88999938964844,58.900001525878906,58.27000045776367,58.33000183105469,58.810001373291016,59.029998779296875,58.349998474121094,58.2599983215332,58.77000045776367
56.0099983215332,56.72999954223633,55.33000183105469,54.70000076293945,55.84000015258789,56.25,55.880001068115234,56.25,54.880001068115234,54.560001373291016,54.540000915527344,56.040000915527344,57.0099983215332,57.41999816894531,56.279998779296875,56.54999923706055,57.209999084472656,58.25,58.400001525878906,58.599998474121094,58.88999938964844,58.900001525878906,58.27000045776367,58.33000183105469,58.810001373291016,59.029998779296875,58.349998474121094,58.2599983215332,58.77000045776367,58.16999816894531,57.95000076293945
56.25,55.880001068115234,56.25,54.880001068115234,54.560001373291016,54.540000915527344,56.040000915527344,57.0099983215332,57.41999816894531,56.279998779296875,56.54999923706055,57.209999084472656,58.25,58.400001525878906,58.599998474121094,58.88999938964844,58.900001525878906,58.27000045776367,58.33000183105469,58.810001373291016,59.029998779296875,58.349998474121094,58.2599983215332,58.77000045776367,58.16999816894531,57.95000076293945,59.13999938964844,58.689998626708984,59.56999969482422,57.91999816894531,57.63999938964844
58.900001525878906,58.27000045776367,58.33000183105469,58.810001373291016,59.029998779296875,58.349998474121094,58.2599983215332,58.77000045776367,58.16999816894531,57.95000076293945,59.13999938964844,58.689998626708984,59.56999969482422,57.91999816894531,57.63999938964844,58.529998779296875,57.75,58.20000076293945,58.189998626708984,59.45000076293945,60.970001220703125,61.790000915527344,62.0,63.310001373291016,62.290000915527344,62.84000015258789,62.4900016784668,62.369998931884766,62.900001525878906,61.310001373291016,60.599998474121094
59.13999938964844,58.689998626708984,59.56999969482422,57.91999816894531,57.63999938964844,58.529998779296875,57.75,58.20000076293945,58.189998626708984,59.45000076293945,60.970001220703125,61.790000915527344,62.0,63.310001373291016,62.290000915527344,62.84000015258789,62.4900016784668,62.369998931884766,62.900001525878906,61.310001373291016,60.599998474121094,61.09000015258789,61.099998474121094,62.45000076293945,61.90999984741211,62.849998474121094,62.7599983215332,63.0099983215332,63.88999938964844,61.470001220703125,61.75
64.30000305175781,64.12999725341797,64.2300033569336,64.22000122070312,64.41000366210938,65.12999725341797,65.43000030517578,64.79000091552734,64.80000305175781,64.7699966430664,65.08000183105469,65.05999755859375,65.0,66.02999877929688,66.0199966430664,66.4000015258789,67.01000213623047,66.58000183105469,65.4000015258789,65.62999725341797,65.5,66.01000213623047,65.68000030517578,66.30999755859375,65.79000091552734,65.58999633789062,66.05000305175781,66.23999786376953,65.83999633789062,63.70000076293945,62.2599983215332
65.62999725341797,65.5,66.01000213623047,65.68000030517578,66.30999755859375,65.79000091552734,65.58999633789062,66.05000305175781,66.23999786376953,65.83999633789062,63.70000076293945,62.2599983215332,62.7400016784668,62.810001373291016,62.900001525878906,63.93000030517578,63.060001373291016,63.5,64.36000061035156,64.5,65.38999938964844,65.1500015258789,64.55999755859375,65.29000091552734,65.05000305175781,65.20999908447266,65.66000366210938,65.61000061035156,65.93000030517578,64.51000213623047,63.29999923706055
66.19999694824219,66.95999908447266,66.8499984741211,66.55000305175781,66.83000183105469,66.23999786376953,66.87999725341797,67.20999908447266,66.79000091552734,66.7699966430664,66.5,66.58999633789062,67.26000213623047,68.3499984741211,68.63999938964844,68.72000122070312,70.08999633789062,70.13999938964844,70.80999755859375,71.2699966430664,70.27999877929688,70.70999908447266,70.69999694824219,69.58000183105469,70.01000213623047,69.37999725341797,69.63999938964844,69.94999694824219,69.7699966430664,69.3499984741211,69.43000030517578
66.23999786376953,66.87999725341797,67.20999908447266,66.79000091552734,66.7699966430664,66.5,66.58999633789062,67.26000213623047,68.3499984741211,68.63999938964844,68.72000122070312,70.08999633789062,70.13999938964844,70.80999755859375,71.2699966430664,70.27999877929688,70.70999908447266,70.69999694824219,69.58000183105469,70.01000213623047,69.37999725341797,69.63999938964844,69.94999694824219,69.7699966430664,69.3499984741211,69.43000030517578,70.05999755859375,69.7699966430664,69.73999786376953,68.86000061035156,68.91999816894531
66.36000061035156,65.5,65.36000061035156,64.5,64.20999908447266,63.5099983215332,62.18000030517578,62.18000030517578,62.25,61.790000915527344,62.209999084472656,61.34000015258789,62.0,62.529998779296875,62.29999923706055,62.970001220703125,63.369998931884766,63.189998626708984,62.90999984741211,62.47999954223633,63.029998779296875,63.459999084472656,63.529998779296875,63.189998626708984,63.40999984741211,64.83999633789062,63.380001068115234,62.61000061035156,62.91999816894531,62.400001525878906,63.2400016784668
64.5,64.20999908447266,63.5099983215332,62.18000030517578,62.18000030517578,62.25,61.790000915527344,62.209999084472656,61.34000015258789,62.0,62.529998779296875,62.29999923706055,62.970001220703125,63.369998931884766,63.189998626708984,62.90999984741211,62.47999954223633,63.029998779296875,63.459999084472656,63.529998779296875,63.189998626708984,63.40999984741211,64.83999633789062,63.380001068115234,62.61000061035156,62.91999816894531,62.400001525878906,63.2400016784668,63.22999954223633,61.25,59.7400016784668
59.720001220703125,60.900001525878906,61.27000045776367,59.04999923706055,58.15999984741211,58.70000076293945,59.20000076293945,59.470001220703125,60.25,60.18000030517578,60.9900016784668,61.95000076293945,62.709999084472656,61.70000076293945,62.11000061035156,62.810001373291016,62.939998626708984,63.209999084472656,62.79999923706055,63.2400016784668,63.16999816894531,63.130001068115234,62.38999938964844,63.279998779296875,62.959999084472656,62.7599983215332,62.849998474121094,63.189998626708984,63.13999938964844,62.310001373291016,62.119998931884766
62.7599983215332,62.849998474121094,63.189998626708984,63.13999938964844,62.310001373291016,62.119998931884766,63.18000030517578,63.290000915527344,63.22999954223633,63.810001373291016,63.459999084472656,62.70000076293945,62.90999984741211,62.709999084472656,62.779998779296875,62.529998779296875,62.63999938964844,62.970001220703125,63.209999084472656,64.05999755859375,63.09000015258789,63.779998779296875,64.02999877929688,63.81999969482422,63.93000030517578,63.79999923706055,63.41999816894531,63.95000076293945,63.790000915527344,63.27000045776367,63.290000915527344
67.83999633789062,67.38999938964844,67.16000366210938,67.12999725341797,67.1500015258789,67.29000091552734,67.83000183105469,67.62000274658203,67.31999969482422,67.5,67.38999938964844,67.79000091552734,67.54000091552734,67.73999786376953,67.9800033569336,67.73999786376953,67.44000244140625,67.86000061035156,67.97000122070312,67.86000061035156,67.69000244140625,68.0999984741211,67.83000183105469,67.47000122070312,68.01000213623047,67.9000015258789,68.0199966430664,68.41000366210938,67.7300033569336,67.30999755859375,67.41000366210938
67.86000061035156,68.1500015258789,68.30999755859375,68.72000122070312,69.41999816894531,69.58999633789062,70.19999694824219,70.80000305175781,70.87000274658203,71.20999908447266,71.77999877929688,72.20999908447266,72.66999816894531,72.4000015258789,72.12999725341797,72.62000274658203,71.94999694824219,71.86000061035156,71.41000366210938,71.6500015258789,71.95999908447266,72.13999938964844,72.41999816894531,72.05999755859375,72.55999755859375,72.4000015258789,71.79000091552734,71.55000305175781,71.87000274658203,70.72000122070312,70.1500015258789
69.44999694824219,70.66999816894531,70.43000030517578,70.54000091552734,70.62000274658203,70.93000030517578,71.19999694824219,70.87999725341797,71.38999938964844,71.3499984741211,70.95999908447266,71.36000061035156,70.55999755859375,71.05000305175781,71.5199966430664,72.0199966430664,72.0,72.16000366210938,72.66999816894531,72.80999755859375,73.30999755859375,73.38999938964844,73.56999969482422,74.0999984741211,73.94000244140625,73.75,73.62999725341797,73.54000091552734,74.08999633789062,73.30000305175781,73.83000183105469
70.62000274658203,70.93000030517578,71.19999694824219,70.87999725341797,71.38999938964844,71.3499984741211,70.95999908447266,71.36000061035156,70.55999755859375,71.05000305175781,71.5199966430664,72.0199966430664,72.0,72.16000366210938,72.66999816894531,72.80999755859375,73.30999755859375,73.38999938964844,73.56999969482422,74.0999984741211,73.94000244140625,73.75,73.62999725341797,73.54000091552734,74.08999633789062,73.30000305175781,73.83000183105469,74.19000244140625,74.55000305175781,73.11000061035156,72.58999633789062
73.97000122070312,73.58000183105469,73.76000213623047,74.0199966430664,74.16999816894531,74.41000366210938,74.01000213623047,73.72000122070312,74.08000183105469,73.7300033569336,75.19000244140625,75.5199966430664,75.48999786376953,74.77999877929688,76.12999725341797,77.38999938964844,76.58999633789062,76.76000213623047,76.37999725341797,76.44000244140625,76.7699966430664,76.58999633789062,76.47000122070312,76.73999786376953,77.0199966430664,77.13999938964844,77.62999725341797,77.23999786376953,77.38999938964844,76.2699966430664,76.7300033569336
74.41000366210938,74.01000213623047,73.72000122070312,74.08000183105469,73.7300033569336,75.19000244140625,75.5199966430664,75.48999786376953,74.77999877929688,76.12999725341797,77.38999938964844,76.58999633789062,76.76000213623047,76.37999725341797,76.44000244140625,76.7699966430664,76.58999633789062,76.47000122070312,76.73999786376953,77.0199966430664,77.13999938964844,77.62999725341797,77.23999786376953,77.38999938964844,76.2699966430664,76.7300033569336,76.61000061035156,76.93000030517578,77.08000183105469,76.0199966430664,76.51000213623047
68.25,67.80000305175781,67.76000213623047,68.12999725341797,68.7699966430664,68.4800033569336,69.69999694824219,68.75,67.9000015258789,68.3499984741211,68.77999877929688,67.83999633789062,67.75,66.4800033569336,64.91000366210938,64.44999694824219,63.380001068115234,64.72000122070312,64.80000305175781,65.58000183105469,65.30000305175781,66.68000030517578,67.26000213623047,66.37000274658203,65.58000183105469,65.68000030517578,67.37000274658203,66.97000122070312,65.94999694824219,65.58000183105469,65.62000274658203
68.66000366210938,68.58999633789062,68.27999877929688,68.44999694824219,68.66999816894531,68.94000244140625,68.52999877929688,68.70999908447266,67.87000274658203,67.79000091552734,66.63999938964844,67.33999633789062,68.2699966430664,68.86000061035156,68.7300033569336,68.5199966430664,68.45999908447266,68.44000244140625,68.87999725341797,69.08999633789062,69.7699966430664,70.55000305175781,69.9800033569336,69.44000244140625,69.19000244140625,69.23999786376953,69.38999938964844,68.77999877929688,67.25,66.2699966430664,67.0199966430664
66.9000015258789,67.47000122070312,67.3499984741211,69.02999877929688,69.30000305175781,69.8499984741211,69.33999633789062,69.25,70.05000305175781,70.5,71.12999725341797,71.55999755859375,68.87000274658203,69.77999877929688,70.75,70.37999725341797,70.3499984741211,70.41999816894531,70.44000244140625,70.23999786376953,70.63999938964844,70.41000366210938,69.44000244140625,69.05999755859375,69.37999725341797,71.04000091552734,71.13999938964844,70.4000015258789,71.13999938964844,70.30000305175781,70.48999786376953
71.0199966430664,71.7699966430664,72.33999633789062,72.5,72.18000030517578,71.6500015258789,70.73999786376953,71.36000061035156,71.55000305175781,71.16000366210938,71.11000061035156,71.69999694824219,71.80999755859375,71.7300033569336,72.26000213623047,73.23999786376953,73.33000183105469,72.68000030517578,73.4000015258789,72.9800033569336,72.51000213623047,72.97000122070312,72.5999984741211,72.80000305175781,72.43000030517578,70.9800033569336,71.08000183105469,71.4000015258789,70.63999938964844,69.80999755859375,68.97000122070312
70.30000305175781,70.48999786376953,71.18000030517578,71.2699966430664,71.23999786376953,70.93000030517578,70.9800033569336,70.8499984741211,70.94000244140625,71.0199966430664,71.7699966430664,72.33999633789062,72.5,72.18000030517578,71.6500015258789,70.73999786376953,71.36000061035156,71.55000305175781,71.16000366210938,71.11000061035156,71.69999694824219,71.80999755859375,71.7300033569336,72.26000213623047,73.23999786376953,73.33000183105469,72.68000030517578,73.4000015258789,72.9800033569336,72.51000213623047,72.97000122070312
85.9800033569336,85.2300033569336,83.79000091552734,83.75,82.81999969482422,83.08000183105469,82.91000366210938,82.62000274658203,83.56999969482422,83.1500015258789,83.56999969482422,83.3499984741211,83.94000244140625,84.1500015258789,84.26000213623047,83.05000305175781,83.19999694824219,83.01000213623047,82.93000030517578,83.56999969482422,84.0199966430664,84.83000183105469,84.70999908447266,84.04000091552734,85.55000305175781,84.94999694824219,84.69999694824219,85.43000030517578,84.83000183105469,84.62999725341797,83.7300033569336
90.86000061035156,90.87000274658203,91.55000305175781,90.9000015258789,90.37000274658203,88.5,87.9000015258789,88.01000213623047,88.12999725341797,89.19000244140625,90.13999938964844,89.83999633789062,89.93000030517578,90.36000061035156,90.80999755859375,90.93000030517578,90.25,91.19000244140625,90.51000213623047,91.0199966430664,91.76000213623047,90.27999877929688,90.12000274658203,89.51000213623047,89.61000061035156,89.08000183105469,88.94999694824219,89.73999786376953,88.72000122070312,87.80999755859375,88.80999755859375
89.0199966430664,88.31999969482422,89.38999938964844,89.58999633789062,90.58000183105469,90.08000183105469,89.77999877929688,90.86000061035156,90.87000274658203,91.55000305175781,90.9000015258789,90.37000274658203,88.5,87.9000015258789,88.01000213623047,88.12999725341797,89.19000244140625,90.13999938964844,89.83999633789062,89.93000030517578,90.36000061035156,90.80999755859375,90.93000030517578,90.25,91.19000244140625,90.51000213623047,91.0199966430664,91.76000213623047,90.27999877929688,90.12000274658203,89.51000213623047
89.77999877929688,90.86000061035156,90.87000274658203,91.55000305175781,90.9000015258789,90.37000274658203,88.5,87.9000015258789,88.01000213623047,88.12999725341797,89.19000244140625,90.13999938964844,89.83999633789062,89.93000030517578,90.36000061035156,90.80999755859375,90.93000030517578,90.25,91.19000244140625,90.51000213623047,91.0199966430664,91.76000213623047,90.27999877929688,90.12000274658203,89.51000213623047,89.61000061035156,89.08000183105469,88.94999694824219,89.73999786376953,88.72000122070312,87.80999755859375
94.2300033569336,94.29000091552734,94.19999694824219,93.69000244140625,93.22000122070312,92.12999725341797,92.5,93.61000061035156,93.70999908447266,92.55999755859375,92.87999725341797,92.61000061035156,92.33999633789062,92.02999877929688,91.73999786376953,92.5999984741211,93.0,94.13999938964844,94.4800033569336,94.1500015258789,94.44000244140625,95.72000122070312,94.3499984741211,93.37000274658203,93.16999816894531,94.0999984741211,94.38999938964844,93.55999755859375,92.80000305175781,91.4000015258789,91.9800033569336
94.4800033569336,94.1500015258789,94.44000244140625,95.72000122070312,94.3499984741211,93.37000274658203,93.16999816894531,94.0999984741211,94.38999938964844,93.55999755859375,92.80000305175781,91.4000015258789,91.9800033569336,89.33999633789062,89.06999969482422,88.7699966430664,88.5,89.86000061035156,89.5999984741211,89.55999755859375,90.1500015258789,90.66999816894531,91.45999908447266,91.06999969482422,91.54000091552734,90.88999938964844,91.5,91.58999633789062,91.3499984741211,90.27999877929688,90.87999725341797
90.66999816894531,91.45999908447266,91.06999969482422,91.54000091552734,90.88999938964844,91.5,91.58999633789062,91.3499984741211,90.27999877929688,90.87999725341797,92.02999877929688,92.45999908447266,92.38999938964844,91.86000061035156,91.94000244140625,92.1500015258789,91.13999938964844,92.05000305175781,93.02999877929688,93.22000122070312,93.75,93.97000122070312,94.9000015258789,93.75,93.83999633789062,93.87999725341797,94.19000244140625,94.02999877929688,94.51000213623047,93.45999908447266,93.36000061035156
94.33999633789062,94.62999725341797,94.9800033569336,96.5999984741211,97.30999755859375,98.55999755859375,99.33999633789062,100.0,100.97000122070312,102.16000366210938,101.77999877929688,102.19000244140625,102.80999755859375,104.0999984741211,104.22000122070312,104.22000122070312,102.87000274658203,102.12000274658203,102.25,101.33999633789062,101.91999816894531,102.22000122070312,101.79000091552734,102.8499984741211,103.76000213623047,104.33000183105469,103.5,102.37999725341797,101.70999908447266,100.04000091552734,98.16999816894531
94.95999908447266,94.72000122070312,89.72000122070312,82.54000091552734,86.47000122070312,81.66000366210938,91.19999694824219,88.27999877929688,80.80999755859375,71.44999694824219,70.0,72.05000305175781,73.29000091552734,81.80000305175781,83.4000015258789,83.70999908447266,79.9800033569336,74.56999969482422,76.79000091552734,72.5,78.58999633789062,78.75,83.30000305175781,86.30999755859375,83.5,86.25,83.61000061035156,84.05000305175781,86.37999725341797,82.91000366210938,82.47000122070312
71.44999694824219,70.0,72.05000305175781,73.29000091552734,81.80000305175781,83.4000015258789,83.70999908447266,79.9800033569336,74.56999969482422,76.79000091552734,72.5,78.58999633789062,78.75,83.30000305175781,86.30999755859375,83.5,86.25,83.61000061035156,84.05000305175781,86.37999725341797,82.91000366210938,82.47000122070312,85.0,83.0199966430664,83.2300033569336,83.62000274658203,84.62999725341797,83.12999725341797,83.11000061035156,81.38999938964844,83.05000305175781
89.27999877929688,88.70999908447266,88.05000305175781,83.26000213623047,84.73999786376953,84.80000305175781,86.06999969482422,86.87999725341797,85.7699966430664,85.54000091552734,84.83000183105469,85.37000274658203,86.5999984741211,85.94000244140625,83.29000091552734,84.1500015258789,83.66000366210938,82.94999694824219,81.2300033569336,81.55000305175781,80.91999816894531,79.41000366210938,79.08000183105469,80.77999877929688,79.7699966430664,78.61000061035156,78.37000274658203,78.3499984741211,78.83000183105469,77.81999969482422,80.30999755859375
79.63999938964844,82.0,82.5199966430664,82.12000274658203,82.38999938964844,82.41999816894531,82.0199966430664,84.1500015258789,84.76000213623047,85.3499984741211,84.68000030517578,85.08999633789062,87.51000213623047,86.72000122070312,87.55999755859375,89.27999877929688,88.70999908447266,88.05000305175781,83.26000213623047,84.73999786376953,84.80000305175781,86.06999969482422,86.87999725341797,85.7699966430664,85.54000091552734,84.83000183105469,85.37000274658203,86.5999984741211,85.94000244140625,83.29000091552734,84.1500015258789
86.06999969482422,86.87999725341797,85.7699966430664,85.54000091552734,84.83000183105469,85.37000274658203,86.5999984741211,85.94000244140625,83.29000091552734,84.1500015258789,83.66000366210938,82.94999694824219,81.2300033569336,81.55000305175781,80.91999816894531,79.41000366210938,79.08000183105469,80.77999877929688,79.7699966430664,78.61000061035156,78.37000274658203,78.3499984741211,78.83000183105469,77.81999969482422,80.30999755859375,79.55999755859375,79.05000305175781,78.9800033569336,79.91000366210938,78.5199966430664,79.1500015258789
85.30000305175781,87.05000305175781,88.43000030517578,88.61000061035156,89.37999725341797,89.81999969482422,90.4800033569336,89.2300033569336,89.33999633789062,89.54000091552734,91.5199966430664,91.27999877929688,90.68000030517578,90.4000015258789,92.19999694824219,91.87999725341797,93.58999633789062,92.52999877929688,90.31999969482422,90.54000091552734,89.93000030517578,91.2300033569336,90.88999938964844,90.1500015258789,90.70999908447266,90.91999816894531,90.26000213623047,90.79000091552734,91.1500015258789,89.63999938964844,89.87000274658203
90.26000213623047,90.79000091552734,91.1500015258789,89.63999938964844,89.87000274658203,89.20999908447266,86.7300033569336,84.12999725341797,82.44999694824219,82.48999786376953,83.41000366210938,84.81999969482422,85.37000274658203,84.91999816894531,84.88999938964844,85.20999908447266,85.87000274658203,84.73999786376953,83.38999938964844,83.83999633789062,83.48999786376953,83.5999984741211,82.4800033569336,82.76000213623047,82.20999908447266,84.29000091552734,82.83000183105469,83.86000061035156,83.29000091552734,82.12000274658203,81.4000015258789
81.27999877929688,81.18000030517578,81.51000213623047,83.2699966430664,81.54000091552734,81.43000030517578,82.08000183105469,79.88999938964844,79.18000030517578,78.77999877929688,77.83999633789062,78.1500015258789,78.83000183105469,80.47000122070312,80.70999908447266,80.75,80.97000122070312,82.08000183105469,82.58999633789062,81.81999969482422,80.44000244140625,80.55999755859375,80.91000366210938,81.18000030517578,82.11000061035156,81.27999877929688,82.20999908447266,82.19000244140625,80.9800033569336,79.83999633789062,80.01000213623047
81.41999816894531,81.27999877929688,81.18000030517578,81.51000213623047,83.2699966430664,81.54000091552734,81.43000030517578,82.08000183105469,79.88999938964844,79.18000030517578,78.77999877929688,77.83999633789062,78.1500015258789,78.83000183105469,80.47000122070312,80.70999908447266,80.75,80.97000122070312,82.08000183105469,82.58999633789062,81.81999969482422,80.44000244140625,80.55999755859375,80.91000366210938,81.18000030517578,82.11000061035156,81.27999877929688,82.20999908447266,82.19000244140625,80.9800033569336,79.83999633789062
79.18000030517578,78.77999877929688,77.83999633789062,78.1500015258789,78.83000183105469,80.47000122070312,80.70999908447266,80.75,80.97000122070312,82.08000183105469,82.58999633789062,81.81999969482422,80.44000244140625,80.55999755859375,80.91000366210938,81.18000030517578,82.11000061035156,81.27999877929688,82.20999908447266,82.19000244140625,80.9800033569336,79.83999633789062,80.01000213623047,78.94999694824219,78.61000061035156,78.19000244140625,78.48999786376953,80.4800033569336,79.08000183105469,76.7699966430664,78.08999633789062
