32.375,32.625,33.0625,34.875,35.625,38.0,37.0,36.5625,36.25,35.125,36.0,37.125,38.0,37.875,38.625,37.8125,37.1875,37.3125,36.0625,36.125,35.6875,35.0625,35.6875,37.625,37.0,35.375,35.3125,34.75,37.25,40.0625,37.875
37.625,37.0,35.375,35.3125,34.75,37.25,40.0625,37.875,39.0,39.9375,39.8125,39.6875,39.0625,37.9375,37.3125,38.1875,39.5,38.25,38.3125,36.875,37.3125,37.1875,37.1875,37.375,37.375,37.625,36.9375,36.5625,37.125,38.875,38.375
37.1875,37.1875,37.375,37.375,37.625,36.9375,36.5625,37.125,38.875,38.375,38.25,39.5625,39.0625,40.25,39.875,38.9375,39.875,38.5625,38.1875,39.1875,38.125,38.8125,38.8125,40.375,39.25,39.0,39.3125,39.8125,38.9375,39.875,39.75
61.0,60.56999969482422,58.02000045776367,56.099998474121094,53.75,56.02000045776367,55.0,53.849998474121094,52.0,53.0,55.439998626708984,55.20000076293945,55.0,55.95000076293945,55.709999084472656,55.02000045776367,54.61000061035156,54.630001068115234,56.810001373291016,55.97999954223633,56.869998931884766,59.81999969482422,59.119998931884766,60.5,59.75,60.599998474121094,61.29999923706055,60.630001068115234,61.70000076293945,60.13999938964844,60.79999923706055
62.88999938964844,65.0,66.02999877929688,66.93000030517578,66.0999984741211,65.6500015258789,64.58999633789062,64.5,65.70999908447266,65.48999786376953,63.560001373291016,64.25,64.87999725341797,61.79999923706055,61.11000061035156,57.75,57.0,56.959999084472656,57.02000045776367,57.70000076293945,57.2400016784668,55.599998474121094,56.36000061035156,56.33000183105469,55.22999954223633,54.29999923706055,52.83000183105469,54.150001525878906,52.900001525878906,54.5,55.06999969482422
37.29999923706055,36.900001525878906,37.06999969482422,36.79999923706055,37.0,37.54999923706055,37.060001373291016,37.25,37.5099983215332,38.13999938964844,38.63999938964844,38.41999816894531,38.599998474121094,38.689998626708984,39.099998474121094,38.779998779296875,38.099998474121094,38.75,40.36000061035156,41.0,40.33000183105469,39.900001525878906,39.84000015258789,38.689998626708984,38.25,39.349998474121094,38.02000045776367,38.33000183105469,39.150001525878906,39.779998779296875,39.33000183105469
49.130001068115234,48.209999084472656,49.86000061035156,48.47999954223633,49.400001525878906,50.880001068115234,50.279998779296875,49.220001220703125,47.61000061035156,47.97999954223633,47.630001068115234,48.040000915527344,47.029998779296875,47.66999816894531,46.38999938964844,45.720001220703125,45.790000915527344,47.33000183105469,48.25,47.91999816894531,49.09000015258789,48.72999954223633,49.08000183105469,48.290000915527344,49.0,48.56999969482422,49.58000183105469,48.81999969482422,48.54999923706055,47.650001525878906,48.70000076293945
48.72999954223633,49.08000183105469,48.290000915527344,49.0,48.56999969482422,49.58000183105469,48.81999969482422,48.54999923706055,47.650001525878906,48.70000076293945,45.369998931884766,43.70000076293945,42.75,43.13999938964844,42.5,42.400001525878906,41.900001525878906,41.5099983215332,43.630001068115234,44.599998474121094,45.5,44.869998931884766,44.630001068115234,43.380001068115234,43.13999938964844,44.40999984741211,44.97999954223633,43.630001068115234,44.279998779296875,45.47999954223633,44.54999923706055
49.58000183105469,48.81999969482422,48.54999923706055,47.650001525878906,48.70000076293945,45.369998931884766,43.70000076293945,42.75,43.13999938964844,42.5,42.400001525878906,41.900001525878906,41.5099983215332,43.630001068115234,44.599998474121094,45.5,44.869998931884766,44.630001068115234,43.380001068115234,43.13999938964844,44.40999984741211,44.97999954223633,43.630001068115234,44.279998779296875,45.47999954223633,44.54999923706055,45.0,45.41999816894531,45.130001068115234,44.349998474121094,44.40999984741211
41.5099983215332,43.630001068115234,44.599998474121094,45.5,44.869998931884766,44.630001068115234,43.380001068115234,43.13999938964844,44.40999984741211,44.97999954223633,43.630001068115234,44.279998779296875,45.47999954223633,44.54999923706055,45.0,45.41999816894531,45.130001068115234,44.349998474121094,44.40999984741211,44.150001525878906,43.349998474121094,43.0,43.0,43.65999984741211,42.650001525878906,41.86000061035156,41.849998474121094,42.540000915527344,41.959999084472656,42.7599983215332,42.91999816894531
43.630001068115234,44.279998779296875,45.47999954223633,44.54999923706055,45.0,45.41999816894531,45.130001068115234,44.349998474121094,44.40999984741211,44.150001525878906,43.349998474121094,43.0,43.0,43.65999984741211,42.650001525878906,41.86000061035156,41.849998474121094,42.540000915527344,41.959999084472656,42.7599983215332,42.91999816894531,42.5,43.83000183105469,42.5,42.529998779296875,44.0,43.779998779296875,43.130001068115234,43.77000045776367,42.970001220703125,42.7400016784668
39.7599983215332,40.869998931884766,42.939998626708984,41.290000915527344,39.91999816894531,38.529998779296875,38.849998474121094,41.189998626708984,42.939998626708984,42.0,42.029998779296875,41.650001525878906,41.52000045776367,40.630001068115234,39.849998474121094,38.61000061035156,39.40999984741211,41.099998474121094,41.5,41.0,40.5,37.22999954223633,36.349998474121094,37.4900016784668,37.5,38.5,37.880001068115234,37.56999969482422,38.5,37.130001068115234,36.88999938964844
39.849998474121094,38.61000061035156,39.40999984741211,41.099998474121094,41.5,41.0,40.5,37.22999954223633,36.349998474121094,37.4900016784668,37.5,38.5,37.880001068115234,37.56999969482422,38.5,37.130001068115234,36.88999938964844,37.029998779296875,37.529998779296875,37.16999816894531,37.06999969482422,35.459999084472656,36.849998474121094,36.029998779296875,37.209999084472656,37.349998474121094,37.18000030517578,37.08000183105469,36.45000076293945,35.58000183105469,37.22999954223633
36.029998779296875,37.209999084472656,37.349998474121094,37.18000030517578,37.08000183105469,36.45000076293945,35.58000183105469,37.22999954223633,36.290000915527344,36.77000045776367,35.52000045776367,36.47999954223633,35.400001525878906,34.959999084472656,35.40999984741211,36.54999923706055,34.70000076293945,34.130001068115234,36.0,34.380001068115234,34.310001373291016,32.0099983215332,32.380001068115234,32.0099983215332,30.440000534057617,31.350000381469727,32.0,31.059999465942383,32.150001525878906,30.5,29.979999542236328
36.0,34.380001068115234,34.310001373291016,32.0099983215332,32.380001068115234,32.0099983215332,30.440000534057617,31.350000381469727,32.0,31.059999465942383,32.150001525878906,30.5,29.979999542236328,29.0,30.360000610351562,30.139999389648438,30.700000762939453,29.950000762939453,30.31999969482422,28.979999542236328,29.700000762939453,30.200000762939453,29.75,30.399999618530273,29.670000076293945,31.520000457763672,33.58000183105469,32.290000915527344,33.18000030517578,31.229999542236328,31.65999984741211
32.959999084472656,33.400001525878906,32.400001525878906,32.25,32.529998779296875,32.04999923706055,31.399999618530273,31.920000076293945,31.850000381469727,32.02000045776367,32.25,32.709999084472656,32.790000915527344,32.650001525878906,32.630001068115234,32.33000183105469,32.900001525878906,32.9900016784668,33.880001068115234,34.18000030517578,34.130001068115234,33.29999923706055,33.5,33.900001525878906,33.849998474121094,34.29999923706055,34.150001525878906,33.349998474121094,33.459999084472656,33.290000915527344,32.400001525878906
32.959999084472656,33.400001525878906,32.400001525878906,32.25,32.529998779296875,32.04999923706055,31.399999618530273,31.920000076293945,31.850000381469727,32.02000045776367,32.25,32.709999084472656,32.790000915527344,32.650001525878906,32.630001068115234,32.33000183105469,32.900001525878906,32.9900016784668,33.880001068115234,34.18000030517578,34.130001068115234,33.29999923706055,33.5,33.900001525878906,33.849998474121094,34.29999923706055,34.150001525878906,33.349998474121094,33.459999084472656,33.290000915527344,32.400001525878906
32.02000045776367,32.25,32.709999084472656,32.790000915527344,32.650001525878906,32.630001068115234,32.33000183105469,32.900001525878906,32.9900016784668,33.880001068115234,34.18000030517578,34.130001068115234,33.29999923706055,33.5,33.900001525878906,33.849998474121094,34.29999923706055,34.150001525878906,33.349998474121094,33.459999084472656,33.290000915527344,32.400001525878906,31.780000686645508,31.850000381469727,31.010000228881836,30.6200008392334,31.450000762939453,30.610000610351562,30.65999984741211,31.59000015258789,31.110000610351562
25.219999313354492,25.149999618530273,25.350000381469727,25.549999237060547,26.899999618530273,27.829999923706055,27.950000762939453,27.81999969482422,28.100000381469727,27.030000686645508,27.3700008392334,26.399999618530273,26.520000457763672,26.100000381469727,25.059999465942383,25.670000076293945,26.65999984741211,26.549999237060547,26.5,27.399999618530273,27.360000610351562,27.479999542236328,27.09000015258789,26.469999313354492,27.25,27.290000915527344,26.639999389648438,26.649999618530273,26.780000686645508,27.799999237060547,28.139999389648438
27.81999969482422,28.100000381469727,27.030000686645508,27.3700008392334,26.399999618530273,26.520000457763672,26.100000381469727,25.059999465942383,25.670000076293945,26.65999984741211,26.549999237060547,26.5,27.399999618530273,27.360000610351562,27.479999542236328,27.09000015258789,26.469999313354492,27.25,27.290000915527344,26.639999389648438,26.649999618530273,26.780000686645508,27.799999237060547,28.139999389648438,27.6299991607666,27.190000534057617,27.3799991607666,27.760000228881836,27.280000686645508,27.110000610351562,28.6200008392334
28.100000381469727,27.030000686645508,27.3700008392334,26.399999618530273,26.520000457763672,26.100000381469727,25.059999465942383,25.670000076293945,26.65999984741211,26.549999237060547,26.5,27.399999618530273,27.360000610351562,27.479999542236328,27.09000015258789,26.469999313354492,27.25,27.290000915527344,26.639999389648438,26.649999618530273,26.780000686645508,27.799999237060547,28.139999389648438,27.6299991607666,27.190000534057617,27.3799991607666,27.760000228881836,27.280000686645508,27.110000610351562,28.6200008392334,27.6200008392334
35.5,35.529998779296875,34.459999084472656,34.5,34.40999984741211,34.400001525878906,34.220001220703125,34.31999969482422,34.650001525878906,34.79999923706055,34.58000183105469,35.0099983215332,34.9900016784668,35.22999954223633,34.689998626708984,35.18000030517578,34.58000183105469,33.439998626708984,33.38999938964844,33.16999816894531,33.349998474121094,32.349998474121094,32.56999969482422,32.689998626708984,32.20000076293945,32.68000030517578,32.77000045776367,32.04999923706055,32.52000045776367,33.119998931884766,32.41999816894531
36.040000915527344,36.040000915527344,38.5,38.77000045776367,38.4900016784668,38.90999984741211,38.72999954223633,38.599998474121094,38.88999938964844,38.900001525878906,38.83000183105469,38.31999969482422,39.06999969482422,39.900001525878906,39.25,39.7400016784668,38.83000183105469,39.400001525878906,39.349998474121094,38.86000061035156,38.88999938964844,38.2599983215332,38.279998779296875,38.38999938964844,38.02000045776367,37.83000183105469,38.52000045776367,39.11000061035156,38.0,39.119998931884766,38.58000183105469
41.349998474121094,41.47999954223633,41.599998474121094,41.939998626708984,41.36000061035156,41.470001220703125,42.0,42.279998779296875,42.13999938964844,41.9900016784668,42.06999969482422,41.93000030517578,42.279998779296875,42.86000061035156,42.63999938964844,42.40999984741211,42.2400016784668,43.11000061035156,43.040000915527344,44.0099983215332,43.18000030517578,43.599998474121094,42.900001525878906,41.849998474121094,42.439998626708984,41.939998626708984,41.540000915527344,42.29999923706055,41.75,42.540000915527344,43.099998474121094
41.349998474121094,41.47999954223633,41.599998474121094,41.939998626708984,41.36000061035156,41.470001220703125,42.0,42.279998779296875,42.13999938964844,41.9900016784668,42.06999969482422,41.93000030517578,42.279998779296875,42.86000061035156,42.63999938964844,42.40999984741211,42.2400016784668,43.11000061035156,43.040000915527344,44.0099983215332,43.18000030517578,43.599998474121094,42.900001525878906,41.849998474121094,42.439998626708984,41.939998626708984,41.540000915527344,42.29999923706055,41.75,42.540000915527344,43.099998474121094
42.63999938964844,42.40999984741211,42.2400016784668,43.11000061035156,43.040000915527344,44.0099983215332,43.18000030517578,43.599998474121094,42.900001525878906,41.849998474121094,42.439998626708984,41.939998626708984,41.540000915527344,42.29999923706055,41.75,42.540000915527344,43.099998474121094,43.560001373291016,44.36000061035156,44.349998474121094,43.959999084472656,43.77000045776367,44.4900016784668,44.369998931884766,44.45000076293945,44.599998474121094,44.59000015258789,44.52000045776367,44.34000015258789,43.619998931884766,43.220001220703125
41.68000030517578,41.119998931884766,40.150001525878906,40.29999923706055,39.779998779296875,39.40999984741211,39.79999923706055,39.720001220703125,39.43000030517578,38.68000030517578,39.11000061035156,39.029998779296875,39.720001220703125,39.349998474121094,39.93000030517578,40.33000183105469,41.06999969482422,40.77000045776367,41.84000015258789,42.540000915527344,42.36000061035156,41.7599983215332,41.349998474121094,42.150001525878906,41.779998779296875,41.56999969482422,41.529998779296875,41.5,41.4900016784668,40.54999923706055,40.849998474121094
39.93000030517578,40.33000183105469,41.06999969482422,40.77000045776367,41.84000015258789,42.540000915527344,42.36000061035156,41.7599983215332,41.349998474121094,42.150001525878906,41.779998779296875,41.56999969482422,41.529998779296875,41.5,41.4900016784668,40.54999923706055,40.849998474121094,42.27000045776367,42.45000076293945,43.2400016784668,43.54999923706055,44.029998779296875,43.25,42.689998626708984,43.58000183105469,43.279998779296875,43.7599983215332,43.93000030517578,43.400001525878906,42.59000015258789,43.18000030517578
43.380001068115234,42.91999816894531,43.400001525878906,44.560001373291016,44.70000076293945,44.7599983215332,46.20000076293945,45.79999923706055,45.880001068115234,46.75,46.099998474121094,46.900001525878906,48.130001068115234,48.09000015258789,48.65999984741211,48.75,48.83000183105469,49.25,49.900001525878906,49.470001220703125,49.79999923706055,49.5,49.66999816894531,50.66999816894531,50.349998474121094,51.29999923706055,50.209999084472656,50.5099983215332,51.09000015258789,49.900001525878906,49.52000045776367
52.06999969482422,51.9900016784668,51.869998931884766,52.220001220703125,52.38999938964844,53.619998931884766,53.099998474121094,53.970001220703125,54.04999923706055,53.2599983215332,54.150001525878906,54.279998779296875,53.91999816894531,53.65999984741211,54.52000045776367,55.150001525878906,54.7400016784668,54.70000076293945,53.68000030517578,53.0,53.13999938964844,52.5099983215332,52.31999969482422,51.0099983215332,51.619998931884766,52.47999954223633,52.31999969482422,51.4900016784668,52.36000061035156,51.31999969482422,50.099998474121094
53.65999984741211,54.52000045776367,55.150001525878906,54.7400016784668,54.70000076293945,53.68000030517578,53.0,53.13999938964844,52.5099983215332,52.31999969482422,51.0099983215332,51.619998931884766,52.47999954223633,52.31999969482422,51.4900016784668,52.36000061035156,51.31999969482422,50.099998474121094,50.2599983215332,50.400001525878906,50.22999954223633,50.25,50.189998626708984,49.59000015258789,49.209999084472656,48.959999084472656,49.560001373291016,49.5099983215332,49.0,49.97999954223633,50.099998474121094
48.959999084472656,49.560001373291016,49.5099983215332,49.0,49.97999954223633,50.099998474121094,49.869998931884766,49.900001525878906,49.95000076293945,49.880001068115234,51.150001525878906,50.59000015258789,51.150001525878906,52.06999969482422,52.5099983215332,53.400001525878906,54.29999923706055,53.93000030517578,54.029998779296875,54.0,54.75,54.849998474121094,53.77000045776367,53.970001220703125,54.33000183105469,54.119998931884766,54.02000045776367,53.619998931884766,53.56999969482422,54.70000076293945,54.86000061035156
50.099998474121094,49.869998931884766,49.900001525878906,49.95000076293945,49.880001068115234,51.150001525878906,50.59000015258789,51.150001525878906,52.06999969482422,52.5099983215332,53.400001525878906,54.29999923706055,53.93000030517578,54.029998779296875,54.0,54.75,54.849998474121094,53.77000045776367,53.970001220703125,54.33000183105469,54.119998931884766,54.02000045776367,53.619998931884766,53.56999969482422,54.70000076293945,54.86000061035156,55.2599983215332,54.75,53.75,52.79999923706055,52.779998779296875
53.619998931884766,53.56999969482422,54.70000076293945,54.86000061035156,55.2599983215332,54.75,53.75,52.79999923706055,52.779998779296875,52.41999816894531,52.66999816894531,52.63999938964844,52.400001525878906,52.08000183105469,53.099998474121094,53.220001220703125,53.41999816894531,53.90999984741211,53.529998779296875,53.150001525878906,53.25,52.06999969482422,51.900001525878906,51.77000045776367,50.970001220703125,49.97999954223633,50.810001373291016,50.47999954223633,50.310001373291016,50.97999954223633,50.81999969482422
52.779998779296875,52.41999816894531,52.66999816894531,52.63999938964844,52.400001525878906,52.08000183105469,53.099998474121094,53.220001220703125,53.41999816894531,53.90999984741211,53.529998779296875,53.150001525878906,53.25,52.06999969482422,51.900001525878906,51.77000045776367,50.970001220703125,49.97999954223633,50.810001373291016,50.47999954223633,50.310001373291016,50.97999954223633,50.81999969482422,51.939998626708984,50.630001068115234,50.90999984741211,51.880001068115234,51.40999984741211,50.900001525878906,50.06999969482422,49.63999938964844
53.220001220703125,53.41999816894531,53.90999984741211,53.529998779296875,53.150001525878906,53.25,52.06999969482422,51.900001525878906,51.77000045776367,50.970001220703125,49.97999954223633,50.810001373291016,50.47999954223633,50.310001373291016,50.97999954223633,50.81999969482422,51.939998626708984,50.630001068115234,50.90999984741211,51.880001068115234,51.40999984741211,50.900001525878906,50.06999969482422,49.63999938964844,49.84000015258789,49.86000061035156,50.970001220703125,49.91999816894531,50.599998474121094,51.040000915527344,52.22999954223633
52.22999954223633,52.0,52.58000183105469,52.5,53.5,54.119998931884766,53.86000061035156,54.13999938964844,54.040000915527344,54.43000030517578,53.91999816894531,53.65999984741211,52.779998779296875,52.150001525878906,52.720001220703125,53.939998626708984,54.9900016784668,54.970001220703125,54.4900016784668,55.29999923706055,57.41999816894531,58.380001068115234,58.29999923706055,58.150001525878906,57.75,57.97999954223633,57.4900016784668,57.709999084472656,58.47999954223633,56.77000045776367,56.88999938964844
57.97999954223633,57.4900016784668,57.709999084472656,58.47999954223633,56.77000045776367,56.88999938964844,57.15999984741211,56.84000015258789,57.220001220703125,56.849998474121094,56.79999923706055,58.099998474121094,57.25,58.790000915527344,58.459999084472656,58.779998779296875,58.33000183105469,58.33000183105469,58.43000030517578,59.0099983215332,58.599998474121094,59.400001525878906,58.45000076293945,58.66999816894531,58.15999984741211,57.0,56.91999816894531,58.09000015258789,57.22999954223633,59.08000183105469,57.880001068115234
56.88999938964844,57.15999984741211,56.84000015258789,57.220001220703125,56.849998474121094,56.79999923706055,58.099998474121094,57.25,58.790000915527344,58.459999084472656,58.779998779296875,58.33000183105469,58.33000183105469,58.43000030517578,59.0099983215332,58.599998474121094,59.400001525878906,58.45000076293945,58.66999816894531,58.15999984741211,57.0,56.91999816894531,58.09000015258789,57.22999954223633,59.08000183105469,57.880001068115234,59.58000183105469,59.0,59.65999984741211,58.720001220703125,59.52000045776367
60.560001373291016,61.040000915527344,60.400001525878906,60.4900016784668,59.5,60.40999984741211,60.90999984741211,61.689998626708984,61.349998474121094,61.900001525878906,61.63999938964844,62.25,61.45000076293945,62.9900016784668,63.02000045776367,63.900001525878906,63.79999923706055,64.37999725341797,64.66000366210938,65.55000305175781,65.27999877929688,64.47000122070312,65.11000061035156,64.6500015258789,64.62999725341797,62.93000030517578,64.41000366210938,63.689998626708984,64.62000274658203,63.66999816894531,62.779998779296875
64.47000122070312,65.11000061035156,64.6500015258789,64.62999725341797,62.93000030517578,64.41000366210938,63.689998626708984,64.62000274658203,63.66999816894531,62.779998779296875,63.130001068115234,61.86000061035156,60.59000015258789,61.7599983215332,62.45000076293945,61.66999816894531,66.0,64.68000030517578,65.41999816894531,64.29000091552734,65.18000030517578,65.06999969482422,64.97000122070312,64.30000305175781,64.58000183105469,64.58000183105469,64.75,64.73999786376953,64.88999938964844,66.08000183105469,65.70999908447266
62.45000076293945,61.66999816894531,66.0,64.68000030517578,65.41999816894531,64.29000091552734,65.18000030517578,65.06999969482422,64.97000122070312,64.30000305175781,64.58000183105469,64.58000183105469,64.75,64.73999786376953,64.88999938964844,66.08000183105469,65.70999908447266,66.19999694824219,66.05000305175781,66.3499984741211,66.69999694824219,66.0,66.01000213623047,65.75,66.33000183105469,66.6500015258789,66.2699966430664,66.19000244140625,65.98999786376953,67.12999725341797,65.95999908447266
61.66999816894531,66.0,64.68000030517578,65.41999816894531,64.29000091552734,65.18000030517578,65.06999969482422,64.97000122070312,64.30000305175781,64.58000183105469,64.58000183105469,64.75,64.73999786376953,64.88999938964844,66.08000183105469,65.70999908447266,66.19999694824219,66.05000305175781,66.3499984741211,66.69999694824219,66.0,66.01000213623047,65.75,66.33000183105469,66.6500015258789,66.2699966430664,66.19000244140625,65.98999786376953,67.12999725341797,65.95999908447266,67.30999755859375
64.29000091552734,65.18000030517578,65.06999969482422,64.97000122070312,64.30000305175781,64.58000183105469,64.58000183105469,64.75,64.73999786376953,64.88999938964844,66.08000183105469,65.70999908447266,66.19999694824219,66.05000305175781,66.3499984741211,66.69999694824219,66.0,66.01000213623047,65.75,66.33000183105469,66.6500015258789,66.2699966430664,66.19000244140625,65.98999786376953,67.12999725341797,65.95999908447266,67.30999755859375,66.54000091552734,67.45999908447266,66.2699966430664,67.0199966430664
66.19999694824219,66.05000305175781,66.3499984741211,66.69999694824219,66.0,66.01000213623047,65.75,66.33000183105469,66.6500015258789,66.2699966430664,66.19000244140625,65.98999786376953,67.12999725341797,65.95999908447266,67.30999755859375,66.54000091552734,67.45999908447266,66.2699966430664,67.0199966430664,66.62999725341797,67.1500015258789,67.79000091552734,67.43000030517578,67.12999725341797,67.20999908447266,66.30999755859375,67.58000183105469,66.73999786376953,67.0199966430664,65.98999786376953,64.33999633789062
66.01000213623047,65.75,66.33000183105469,66.6500015258789,66.2699966430664,66.19000244140625,65.98999786376953,67.12999725341797,65.95999908447266,67.30999755859375,66.54000091552734,67.45999908447266,66.2699966430664,67.0199966430664,66.62999725341797,67.1500015258789,67.79000091552734,67.43000030517578,67.12999725341797,67.20999908447266,66.30999755859375,67.58000183105469,66.73999786376953,67.0199966430664,65.98999786376953,64.33999633789062,65.02999877929688,64.5,64.58999633789062,65.4000015258789,65.13999938964844
67.12999725341797,67.20999908447266,66.30999755859375,67.58000183105469,66.73999786376953,67.0199966430664,65.98999786376953,64.33999633789062,65.02999877929688,64.5,64.58999633789062,65.4000015258789,65.13999938964844,65.4000015258789,64.18000030517578,65.08000183105469,64.80000305175781,64.0999984741211,63.45000076293945,62.40999984741211,62.5099983215332,63.20000076293945,64.66999816894531,66.55000305175781,67.20999908447266,67.27999877929688,67.94999694824219,67.13999938964844,67.94999694824219,67.05000305175781,67.93000030517578
66.73999786376953,67.0199966430664,65.98999786376953,64.33999633789062,65.02999877929688,64.5,64.58999633789062,65.4000015258789,65.13999938964844,65.4000015258789,64.18000030517578,65.08000183105469,64.80000305175781,64.0999984741211,63.45000076293945,62.40999984741211,62.5099983215332,63.20000076293945,64.66999816894531,66.55000305175781,67.20999908447266,67.27999877929688,67.94999694824219,67.13999938964844,67.94999694824219,67.05000305175781,67.93000030517578,67.30000305175781,67.9000015258789,66.69999694824219,67.6500015258789
67.30000305175781,66.0199966430664,67.31999969482422,66.97000122070312,65.0999984741211,64.05000305175781,65.63999938964844,64.63999938964844,65.05000305175781,64.69999694824219,65.5,65.27999877929688,65.69000244140625,65.01000213623047,64.70999908447266,66.0999984741211,65.3499984741211,66.2300033569336,67.0,67.44000244140625,67.6500015258789,66.94999694824219,69.0,69.0999984741211,69.44000244140625,69.05999755859375,68.62999725341797,69.12999725341797,68.19000244140625,69.66999816894531,69.44000244140625
67.6500015258789,66.94999694824219,69.0,69.0999984741211,69.44000244140625,69.05999755859375,68.62999725341797,69.12999725341797,68.19000244140625,69.66999816894531,69.44000244140625,69.19999694824219,69.56999969482422,69.6500015258789,70.06999969482422,69.6500015258789,70.19000244140625,70.58999633789062,71.44999694824219,70.79000091552734,70.75,69.97000122070312,70.73999786376953,70.38999938964844,71.31999969482422,71.48999786376953,70.52999877929688,70.95999908447266,71.18000030517578,70.23999786376953,70.44000244140625
70.58999633789062,71.44999694824219,70.79000091552734,70.75,69.97000122070312,70.73999786376953,70.38999938964844,71.31999969482422,71.48999786376953,70.52999877929688,70.95999908447266,71.18000030517578,70.23999786376953,70.44000244140625,71.16999816894531,70.33000183105469,69.3499984741211,68.7699966430664,69.0999984741211,70.0999984741211,69.69000244140625,69.4800033569336,68.69000244140625,68.33000183105469,68.16999816894531,66.5,67.0199966430664,67.66000366210938,66.91000366210938,68.72000122070312,68.55999755859375
68.72000122070312,68.55999755859375,69.02999877929688,68.30999755859375,71.62000274658203,71.69999694824219,70.87000274658203,71.13999938964844,71.55000305175781,71.76000213623047,72.01000213623047,72.52999877929688,72.11000061035156,72.70999908447266,72.44999694824219,72.55000305175781,72.95999908447266,73.05000305175781,74.38999938964844,73.9000015258789,74.30999755859375,74.12999725341797,72.69000244140625,72.94999694824219,72.80000305175781,73.38999938964844,72.62999725341797,73.16000366210938,72.81999969482422,73.76000213623047,74.79000091552734
72.70999908447266,72.44999694824219,72.55000305175781,72.95999908447266,73.05000305175781,74.38999938964844,73.9000015258789,74.30999755859375,74.12999725341797,72.69000244140625,72.94999694824219,72.80000305175781,73.38999938964844,72.62999725341797,73.16000366210938,72.81999969482422,73.76000213623047,74.79000091552734,74.83999633789062,75.44999694824219,76.05000305175781,76.7300033569336,77.8499984741211,78.18000030517578,78.26000213623047,78.61000061035156,77.9000015258789,78.7300033569336,78.38999938964844,77.51000213623047,79.18000030517578
77.93000030517578,78.01000213623047,78.5999984741211,79.11000061035156,79.81999969482422,79.56999969482422,80.79000091552734,80.56999969482422,83.20999908447266,82.93000030517578,82.3499984741211,83.30000305175781,84.95999908447266,85.5,86.45999908447266,86.0999984741211,85.11000061035156,84.91000366210938,84.0999984741211,83.44999694824219,83.86000061035156,85.33000183105469,85.87000274658203,86.63999938964844,88.47000122070312,87.58999633789062,87.98999786376953,88.94000244140625,88.20999908447266,87.01000213623047,85.86000061035156
85.5,86.45999908447266,86.0999984741211,85.11000061035156,84.91000366210938,84.0999984741211,83.44999694824219,83.86000061035156,85.33000183105469,85.87000274658203,86.63999938964844,88.47000122070312,87.58999633789062,87.98999786376953,88.94000244140625,88.20999908447266,87.01000213623047,85.86000061035156,86.4000015258789,83.7699966430664,82.7300033569336,84.61000061035156,85.70999908447266,85.1500015258789,82.37999725341797,82.98999786376953,83.5,82.12999725341797,83.25,83.63999938964844,83.80000305175781
82.12999725341797,83.25,83.63999938964844,83.80000305175781,82.12999725341797,80.6500015258789,81.45999908447266,81.19000244140625,80.5,77.87999725341797,76.9800033569336,82.01000213623047,84.80999755859375,85.54000091552734,84.76000213623047,84.8499984741211,85.8499984741211,84.05999755859375,83.38999938964844,83.88999938964844,81.93000030517578,82.63999938964844,83.0,81.91000366210938,81.30000305175781,80.16999816894531,80.80999755859375,79.98999786376953,80.3499984741211,81.62999725341797,80.91999816894531
80.69000244140625,79.08000183105469,81.44000244140625,83.75,79.9000015258789,78.70999908447266,78.91000366210938,77.41999816894531,78.16999816894531,78.62000274658203,79.4000015258789,79.48999786376953,79.75,78.1500015258789,77.16000366210938,76.19999694824219,75.95999908447266,75.38999938964844,76.58000183105469,78.83000183105469,78.58999633789062,77.62000274658203,76.62999725341797,76.94999694824219,76.36000061035156,75.23999786376953,73.93000030517578,74.72000122070312,73.77999877929688,75.0199966430664,74.9000015258789
75.01000213623047,75.01000213623047,75.20999908447266,74.87000274658203,76.19000244140625,76.11000061035156,77.25,77.70999908447266,79.0,79.41000366210938,79.27999877929688,78.8499984741211,79.97000122070312,81.77999877929688,83.95999908447266,83.62000274658203,83.68000030517578,82.6500015258789,82.12999725341797,81.63999938964844,83.63999938964844,82.38999938964844,82.66000366210938,82.29000091552734,82.73999786376953,82.41000366210938,81.73999786376953,82.80000305175781,83.58999633789062,80.86000061035156,79.13999938964844
79.0,79.41000366210938,79.27999877929688,78.8499984741211,79.97000122070312,81.77999877929688,83.95999908447266,83.62000274658203,83.68000030517578,82.6500015258789,82.12999725341797,81.63999938964844,83.63999938964844,82.38999938964844,82.66000366210938,82.29000091552734,82.73999786376953,82.41000366210938,81.73999786376953,82.80000305175781,83.58999633789062,80.86000061035156,79.13999938964844,79.73999786376953,80.22000122070312,79.86000061035156,80.05999755859375,79.19999694824219,79.97000122070312,80.4800033569336,84.8499984741211
79.97000122070312,80.4800033569336,84.8499984741211,85.44999694824219,85.11000061035156,85.62000274658203,85.69000244140625,85.73999786376953,87.08000183105469,88.70999908447266,89.5199966430664,89.12000274658203,91.0999984741211,90.0999984741211,89.7699966430664,87.37000274658203,87.94000244140625,88.88999938964844,88.52999877929688,89.55000305175781,89.58000183105469,90.7300033569336,90.83000183105469,90.01000213623047,90.12999725341797,89.77999877929688,90.30999755859375,89.5999984741211,89.93000030517578,90.69999694824219,89.55999755859375
80.4800033569336,84.8499984741211,85.44999694824219,85.11000061035156,85.62000274658203,85.69000244140625,85.73999786376953,87.08000183105469,88.70999908447266,89.5199966430664,89.12000274658203,91.0999984741211,90.0999984741211,89.7699966430664,87.37000274658203,87.94000244140625,88.88999938964844,88.52999877929688,89.55000305175781,89.58000183105469,90.7300033569336,90.83000183105469,90.01000213623047,90.12999725341797,89.77999877929688,90.30999755859375,89.5999984741211,89.93000030517578,90.69999694824219,89.55999755859375,90.16999816894531
89.58000183105469,90.7300033569336,90.83000183105469,90.01000213623047,90.12999725341797,89.77999877929688,90.30999755859375,89.5999984741211,89.93000030517578,90.69999694824219,89.55999755859375,90.16999816894531,90.0999984741211,89.94000244140625,88.76000213623047,88.79000091552734,88.87999725341797,89.0,88.83999633789062,89.16999816894531,89.52999877929688,89.1500015258789,88.94000244140625,88.0,89.2699966430664,88.83999633789062,88.12999725341797,88.0,88.83000183105469,88.0,88.62999725341797
90.83000183105469,90.01000213623047,90.12999725341797,89.77999877929688,90.30999755859375,89.5999984741211,89.93000030517578,90.69999694824219,89.55999755859375,90.16999816894531,90.0999984741211,89.94000244140625,88.76000213623047,88.79000091552734,88.87999725341797,89.0,88.83999633789062,89.16999816894531,89.52999877929688,89.1500015258789,88.94000244140625,88.0,89.2699966430664,88.83999633789062,88.12999725341797,88.0,88.83000183105469,88.0,88.62999725341797,85.5999984741211,87.36000061035156
88.79000091552734,88.87999725341797,89.0,88.83999633789062,89.16999816894531,89.52999877929688,89.1500015258789,88.94000244140625,88.0,89.2699966430664,88.83999633789062,88.12999725341797,88.0,88.83000183105469,88.0,88.62999725341797,85.5999984741211,87.36000061035156,87.5999984741211,86.16000366210938,85.43000030517578,85.5,86.0,89.55999755859375,91.05000305175781,90.05000305175781,90.72000122070312,90.9800033569336,90.3499984741211,89.5199966430664,90.0
87.5999984741211,86.16000366210938,85.43000030517578,85.5,86.0,89.55999755859375,91.05000305175781,90.05000305175781,90.72000122070312,90.9800033569336,90.3499984741211,89.5199966430664,90.0,89.19999694824219,89.29000091552734,89.94000244140625,91.70999908447266,90.94000244140625,91.02999877929688,90.95999908447266,90.58000183105469,90.27999877929688,88.93000030517578,87.19999694824219,87.26000213623047,87.8499984741211,87.02999877929688,87.0199966430664,87.81999969482422,88.70999908447266,88.88999938964844
89.94000244140625,91.70999908447266,90.94000244140625,91.02999877929688,90.95999908447266,90.58000183105469,90.27999877929688,88.93000030517578,87.19999694824219,87.26000213623047,87.8499984741211,87.02999877929688,87.0199966430664,87.81999969482422,88.70999908447266,88.88999938964844,89.51000213623047,91.19999694824219,89.44999694824219,89.9800033569336,91.04000091552734,90.0,90.31999969482422,90.16000366210938,90.80000305175781,90.56999969482422,90.9800033569336,90.83000183105469,90.5199966430664,89.44999694824219,89.76000213623047
89.76000213623047,88.91000366210938,88.83000183105469,89.9000015258789,90.2699966430664,90.5,90.02999877929688,90.83999633789062,89.97000122070312,90.8499984741211,91.02999877929688,90.30999755859375,90.44999694824219,93.87999725341797,92.98999786376953,93.29000091552734,93.63999938964844,93.66999816894531,94.69000244140625,94.26000213623047,94.0199966430664,93.0,93.2300033569336,93.83000183105469,93.8499984741211,93.61000061035156,94.55999755859375,94.20999908447266,94.08000183105469,92.80000305175781,93.4000015258789
90.2699966430664,90.5,90.02999877929688,90.83999633789062,89.97000122070312,90.8499984741211,91.02999877929688,90.30999755859375,90.44999694824219,93.87999725341797,92.98999786376953,93.29000091552734,93.63999938964844,93.66999816894531,94.69000244140625,94.26000213623047,94.0199966430664,93.0,93.2300033569336,93.83000183105469,93.8499984741211,93.61000061035156,94.55999755859375,94.20999908447266,94.08000183105469,92.80000305175781,93.4000015258789,93.55999755859375,94.33999633789062,95.33999633789062,96.79000091552734
93.83000183105469,93.8499984741211,93.61000061035156,94.55999755859375,94.20999908447266,94.08000183105469,92.80000305175781,93.4000015258789,93.55999755859375,94.33999633789062,95.33999633789062,96.79000091552734,96.62999725341797,96.9000015258789,96.4800033569336,95.56999969482422,97.41999816894531,98.25,98.5,100.55000305175781,100.58999633789062,99.83000183105469,99.9800033569336,99.5,98.29000091552734,96.83999633789062,98.19000244140625,97.55000305175781,96.4800033569336,98.47000122070312,98.97000122070312
97.19999694824219,95.91999816894531,95.56999969482422,94.9800033569336,94.6500015258789,95.16000366210938,96.16000366210938,96.7699966430664,97.6500015258789,98.36000061035156,98.87999725341797,99.9000015258789,100.25,100.12000274658203,100.77999877929688,101.87999725341797,102.06999969482422,102.05000305175781,101.81999969482422,102.4800033569336,103.86000061035156,104.04000091552734,103.80000305175781,107.2300033569336,103.69999694824219,103.70999908447266,105.54000091552734,103.43000030517578,104.52999877929688,105.93000030517578,104.23999786376953
99.3499984741211,98.63999938964844,98.47000122070312,100.0199966430664,101.25,102.58999633789062,103.05000305175781,104.93000030517578,104.44999694824219,105.45999908447266,104.98999786376953,106.6500015258789,105.93000030517578,104.72000122070312,104.5,102.25,101.06999969482422,101.44999694824219,98.68000030517578,96.26000213623047,96.69000244140625,94.83000183105469,95.94000244140625,95.58999633789062,96.94000244140625,93.9000015258789,94.93000030517578,94.94999694824219,94.26000213623047,96.0,96.0199966430664
94.20999908447266,92.86000061035156,93.69999694824219,92.79000091552734,91.33999633789062,89.98999786376953,88.2699966430664,87.86000061035156,87.41000366210938,89.54000091552734,89.93000030517578,91.7300033569336,93.61000061035156,93.20999908447266,92.54000091552734,91.79000091552734,89.98999786376953,90.69999694824219,91.77999877929688,93.16000366210938,92.63999938964844,88.69999694824219,86.91999816894531,88.55000305175781,88.41999816894531,87.4000015258789,87.16999816894531,86.62000274658203,87.19000244140625,89.06999969482422,90.0199966430664
79.5199966430664,78.4000015258789,77.5999984741211,76.56999969482422,77.62000274658203,77.02999877929688,77.5999984741211,80.95999908447266,82.87000274658203,83.18000030517578,82.76000213623047,82.9000015258789,81.69000244140625,79.91000366210938,79.75,79.33000183105469,81.12999725341797,83.55999755859375,85.4800033569336,85.22000122070312,85.18000030517578,85.37000274658203,84.0,82.01000213623047,83.04000091552734,84.66000366210938,84.56999969482422,83.94999694824219,84.80000305175781,82.79000091552734,80.66999816894531
79.91000366210938,79.75,79.33000183105469,81.12999725341797,83.55999755859375,85.4800033569336,85.22000122070312,85.18000030517578,85.37000274658203,84.0,82.01000213623047,83.04000091552734,84.66000366210938,84.56999969482422,83.94999694824219,84.80000305175781,82.79000091552734,80.66999816894531,79.62000274658203,80.70999908447266,79.51000213623047,76.5999984741211,74.37999725341797,73.4000015258789,72.44999694824219,74.18000030517578,76.2300033569336,75.48999786376953,76.52999877929688,73.44999694824219,74.80000305175781
84.0,82.01000213623047,83.04000091552734,84.66000366210938,84.56999969482422,83.94999694824219,84.80000305175781,82.79000091552734,80.66999816894531,79.62000274658203,80.70999908447266,79.51000213623047,76.5999984741211,74.37999725341797,73.4000015258789,72.44999694824219,74.18000030517578,76.2300033569336,75.48999786376953,76.52999877929688,73.44999694824219,74.80000305175781,76.29000091552734,75.9000015258789,76.30000305175781,74.22000122070312,73.47000122070312,74.37000274658203,75.87999725341797,76.8499984741211,76.13999938964844
79.08999633789062,78.55999755859375,82.08999633789062,83.0,84.83999633789062,84.9800033569336,85.52999877929688,84.86000061035156,85.41000366210938,85.69000244140625,85.91999816894531,86.1500015258789,84.55000305175781,84.76000213623047,84.05999755859375,84.80000305175781,85.08000183105469,85.69000244140625,85.55000305175781,85.16999816894531,87.06999969482422,85.13999938964844,81.19000244140625,81.41000366210938,81.4800033569336,82.87000274658203,82.12999725341797,82.11000061035156,82.7699966430664,81.1500015258789,78.12000274658203
85.41000366210938,85.69000244140625,85.91999816894531,86.1500015258789,84.55000305175781,84.76000213623047,84.05999755859375,84.80000305175781,85.08000183105469,85.69000244140625,85.55000305175781,85.16999816894531,87.06999969482422,85.13999938964844,81.19000244140625,81.41000366210938,81.4800033569336,82.87000274658203,82.12999725341797,82.11000061035156,82.7699966430664,81.1500015258789,78.12000274658203,78.0199966430664,77.30999755859375,73.16000366210938,73.94999694824219,73.66999816894531,73.30999755859375,74.12000274658203,75.12000274658203
74.79000091552734,69.63999938964844,68.20999908447266,66.91999816894531,65.72000122070312,65.44999694824219,63.900001525878906,64.47000122070312,64.29000091552734,65.91999816894531,65.58999633789062,65.98999786376953,63.279998779296875,63.189998626708984,63.880001068115234,65.58000183105469,66.91999816894531,68.13999938964844,68.23999786376953,69.26000213623047,66.72000122070312,62.529998779296875,63.83000183105469,62.34000015258789,63.209999084472656,63.81999969482422,61.11000061035156,62.0099983215332,61.36000061035156,65.19999694824219,65.4000015258789
62.529998779296875,63.83000183105469,62.34000015258789,63.209999084472656,63.81999969482422,61.11000061035156,62.0099983215332,61.36000061035156,65.19999694824219,65.4000015258789,64.69000244140625,67.86000061035156,66.62000274658203,65.93000030517578,64.26000213623047,64.7699966430664,64.44999694824219,63.63999938964844,62.95000076293945,63.209999084472656,63.54999923706055,65.55000305175781,64.06999969482422,63.459999084472656,64.5199966430664,66.33999633789062,65.55999755859375,65.87000274658203,66.06999969482422,63.029998779296875,62.88999938964844
57.0,58.11000061035156,59.7599983215332,58.810001373291016,57.310001373291016,57.36000061035156,57.41999816894531,58.31999969482422,55.470001220703125,57.349998474121094,56.619998931884766,53.58000183105469,53.83000183105469,51.290000915527344,49.279998779296875,47.70000076293945,44.40999984741211,41.79999923706055,47.08000183105469,45.06999969482422,42.33000183105469,44.790000915527344,44.54999923706055,46.709999084472656,46.400001525878906,42.90999984741211,46.52000045776367,45.2400016784668,42.36000061035156,48.90999984741211,49.79999923706055
40.150001525878906,40.119998931884766,40.529998779296875,39.9900016784668,41.25,42.66999816894531,45.25,46.16999816894531,46.310001373291016,44.7599983215332,44.790000915527344,44.45000076293945,43.7400016784668,42.459999084472656,41.20000076293945,40.959999084472656,42.459999084472656,40.36000061035156,42.27000045776367,42.2599983215332,41.97999954223633,43.0099983215332,43.220001220703125,43.2400016784668,40.709999084472656,42.310001373291016,40.79999923706055,42.09000015258789,41.970001220703125,42.720001220703125,42.91999816894531
40.560001373291016,39.040000915527344,39.54999923706055,39.29999923706055,39.650001525878906,40.439998626708984,40.40999984741211,41.36000061035156,42.04999923706055,41.36000061035156,42.20000076293945,43.02000045776367,42.0,41.95000076293945,42.369998931884766,42.2400016784668,43.25,43.369998931884766,43.2400016784668,42.90999984741211,43.790000915527344,44.15999984741211,44.029998779296875,45.52000045776367,46.689998626708984,45.77000045776367,45.38999938964844,46.34000015258789,46.619998931884766,44.869998931884766,44.15999984741211
51.81999969482422,51.040000915527344,49.66999816894531,48.77000045776367,48.400001525878906,48.459999084472656,49.150001525878906,49.5,50.529998779296875,50.4900016784668,51.349998474121094,50.970001220703125,52.06999969482422,52.36000061035156,52.880001068115234,53.02000045776367,52.86000061035156,53.13999938964844,52.369998931884766,51.790000915527344,51.52000045776367,53.06999969482422,54.619998931884766,54.150001525878906,52.11000061035156,51.400001525878906,52.279998779296875,52.290000915527344,51.790000915527344,52.29999923706055,52.689998626708984
49.66999816894531,48.77000045776367,48.400001525878906,48.459999084472656,49.150001525878906,49.5,50.529998779296875,50.4900016784668,51.349998474121094,50.970001220703125,52.06999969482422,52.36000061035156,52.880001068115234,53.02000045776367,52.86000061035156,53.13999938964844,52.369998931884766,51.790000915527344,51.52000045776367,53.06999969482422,54.619998931884766,54.150001525878906,52.11000061035156,51.400001525878906,52.279998779296875,52.290000915527344,51.790000915527344,52.29999923706055,52.689998626708984,51.65999984741211,51.900001525878906
49.150001525878906,49.5,50.529998779296875,50.4900016784668,51.349998474121094,50.970001220703125,52.06999969482422,52.36000061035156,52.880001068115234,53.02000045776367,52.86000061035156,53.13999938964844,52.369998931884766,51.790000915527344,51.52000045776367,53.06999969482422,54.619998931884766,54.150001525878906,52.11000061035156,51.400001525878906,52.279998779296875,52.290000915527344,51.790000915527344,52.29999923706055,52.689998626708984,51.65999984741211,51.900001525878906,52.5099983215332,51.7599983215332,53.189998626708984,53.45000076293945
49.77000045776367,49.68000030517578,51.349998474121094,50.31999969482422,50.68000030517578,50.279998779296875,50.68000030517578,52.47999954223633,52.529998779296875,52.02000045776367,51.43000030517578,51.70000076293945,52.630001068115234,51.970001220703125,52.93000030517578,52.45000076293945,52.40999984741211,53.720001220703125,53.779998779296875,53.77000045776367,54.68000030517578,55.81999969482422,55.65999984741211,55.470001220703125,55.0099983215332,55.599998474121094,56.04999923706055,55.66999816894531,55.130001068115234,54.470001220703125,53.439998626708984
60.81999969482422,60.650001525878906,60.20000076293945,59.20000076293945,57.77000045776367,57.779998779296875,57.709999084472656,61.93000030517578,62.560001373291016,60.599998474121094,61.70000076293945,61.939998626708984,61.459999084472656,59.31999969482422,58.400001525878906,57.88999938964844,59.7400016784668,59.540000915527344,60.59000015258789,59.650001525878906,61.2599983215332,61.81999969482422,62.88999938964844,63.59000015258789,63.970001220703125,62.77000045776367,63.47999954223633,62.869998931884766,63.15999984741211,64.0,64.44000244140625
69.54000091552734,69.25,68.70999908447266,68.69999694824219,68.98999786376953,68.62000274658203,65.5999984741211,64.69999694824219,64.83999633789062,64.4000015258789,65.98999786376953,66.0,64.62000274658203,64.5999984741211,63.29999923706055,60.93000030517578,60.7599983215332,61.31999969482422,63.15999984741211,62.099998474121094,61.130001068115234,62.290000915527344,63.38999938964844,64.63999938964844,63.41999816894531,64.5,63.439998626708984,63.84000015258789,64.19000244140625,62.7599983215332,62.72999954223633
69.08999633789062,68.95999908447266,70.1500015258789,69.83000183105469,70.06999969482422,72.47000122070312,71.7300033569336,71.12000274658203,71.68000030517578,72.7300033569336,72.23999786376953,70.0199966430664,70.55999755859375,69.2300033569336,69.4800033569336,70.29000091552734,71.0,70.9800033569336,71.37999725341797,71.93000030517578,72.70999908447266,72.62999725341797,72.66000366210938,72.13999938964844,72.26000213623047,71.4000015258789,72.4800033569336,72.23999786376953,73.04000091552734,70.93000030517578,70.2300033569336
69.08999633789062,68.95999908447266,70.1500015258789,69.83000183105469,70.06999969482422,72.47000122070312,71.7300033569336,71.12000274658203,71.68000030517578,72.7300033569336,72.23999786376953,70.0199966430664,70.55999755859375,69.2300033569336,69.4800033569336,70.29000091552734,71.0,70.9800033569336,71.37999725341797,71.93000030517578,72.70999908447266,72.62999725341797,72.66000366210938,72.13999938964844,72.26000213623047,71.4000015258789,72.4800033569336,72.23999786376953,73.04000091552734,70.93000030517578,70.2300033569336
69.56999969482422,71.70999908447266,71.80000305175781,70.87999725341797,72.04000091552734,72.08999633789062,71.29000091552734,71.63999938964844,70.73999786376953,69.69000244140625,67.69000244140625,68.30000305175781,69.0999984741211,71.19999694824219,71.8499984741211,72.72000122070312,72.76000213623047,73.33999633789062,73.30000305175781,73.62000274658203,73.80000305175781,73.93000030517578,74.01000213623047,73.94999694824219,73.2300033569336,73.72000122070312,74.29000091552734,73.47000122070312,73.76000213623047,73.08000183105469,72.12999725341797
79.08000183105469,79.41000366210938,79.02999877929688,77.7699966430664,76.68000030517578,77.13999938964844,78.0199966430664,77.5199966430664,76.27999877929688,75.56999969482422,76.31999969482422,76.66000366210938,76.98999786376953,78.02999877929688,75.3499984741211,75.69000244140625,74.83999633789062,74.58000183105469,74.18000030517578,73.8499984741211,74.18000030517578,72.69000244140625,72.94000244140625,74.63999938964844,73.8499984741211,74.01000213623047,74.16000366210938,74.5199966430664,73.9800033569336,72.12000274658203,71.25
66.6500015258789,64.55000305175781,64.83000183105469,66.91999816894531,67.94000244140625,67.94000244140625,66.33999633789062,66.08999633789062,67.45999908447266,65.55999755859375,64.3499984741211,62.36000061035156,62.779998779296875,64.98999786376953,65.26000213623047,68.69000244140625,70.9800033569336,71.30000305175781,71.08999633789062,70.87000274658203,70.5999984741211,70.16999816894531,71.93000030517578,70.9000015258789,70.9000015258789,69.94000244140625,70.61000061035156,71.01000213623047,70.16000366210938,72.44000244140625,73.58999633789062
67.45999908447266,65.55999755859375,64.3499984741211,62.36000061035156,62.779998779296875,64.98999786376953,65.26000213623047,68.69000244140625,70.9800033569336,71.30000305175781,71.08999633789062,70.87000274658203,70.5999984741211,70.16999816894531,71.93000030517578,70.9000015258789,70.9000015258789,69.94000244140625,70.61000061035156,71.01000213623047,70.16000366210938,72.44000244140625,73.58999633789062,74.29000091552734,73.97000122070312,74.2699966430664,73.26000213623047,74.11000061035156,73.3499984741211,74.22000122070312,74.33000183105469
69.94000244140625,70.61000061035156,71.01000213623047,70.16000366210938,72.44000244140625,73.58999633789062,74.29000091552734,73.97000122070312,74.2699966430664,73.26000213623047,74.11000061035156,73.3499984741211,74.22000122070312,74.33000183105469,73.52999877929688,73.9800033569336,74.52999877929688,75.0,74.73999786376953,75.51000213623047,74.5999984741211,75.23999786376953,75.05999755859375,75.55999755859375,75.5199966430664,75.51000213623047,75.36000061035156,75.81999969482422,75.30999755859375,74.55000305175781,74.16000366210938
74.11000061035156,73.3499984741211,74.22000122070312,74.33000183105469,73.52999877929688,73.9800033569336,74.52999877929688,75.0,74.73999786376953,75.51000213623047,74.5999984741211,75.23999786376953,75.05999755859375,75.55999755859375,75.5199966430664,75.51000213623047,75.36000061035156,75.81999969482422,75.30999755859375,74.55000305175781,74.16000366210938,74.18000030517578,75.37000274658203,75.22000122070312,76.33999633789062,75.45999908447266,75.19999694824219,75.45999908447266,75.9000015258789,74.94999694824219,74.8499984741211
75.0,74.73999786376953,75.51000213623047,74.5999984741211,75.23999786376953,75.05999755859375,75.55999755859375,75.5199966430664,75.51000213623047,75.36000061035156,75.81999969482422,75.30999755859375,74.55000305175781,74.16000366210938,74.18000030517578,75.37000274658203,75.22000122070312,76.33999633789062,75.45999908447266,75.19999694824219,75.45999908447266,75.9000015258789,74.94999694824219,74.8499984741211,75.55999755859375,75.20999908447266,75.2699966430664,75.3499984741211,75.72000122070312,76.05999755859375,75.8499984741211
75.51000213623047,75.36000061035156,75.81999969482422,75.30999755859375,74.55000305175781,74.16000366210938,74.18000030517578,75.37000274658203,75.22000122070312,76.33999633789062,75.45999908447266,75.19999694824219,75.45999908447266,75.9000015258789,74.94999694824219,74.8499984741211,75.55999755859375,75.20999908447266,75.2699966430664,75.3499984741211,75.72000122070312,76.05999755859375,75.8499984741211,76.05999755859375,75.20999908447266,75.16000366210938,74.94999694824219,75.08000183105469,74.9000015258789,74.12999725341797,72.55999755859375
75.51000213623047,75.36000061035156,75.81999969482422,75.30999755859375,74.55000305175781,74.16000366210938,74.18000030517578,75.37000274658203,75.22000122070312,76.33999633789062,75.45999908447266,75.19999694824219,75.45999908447266,75.9000015258789,74.94999694824219,74.8499984741211,75.55999755859375,75.20999908447266,75.2699966430664,75.3499984741211,75.72000122070312,76.05999755859375,75.8499984741211,76.05999755859375,75.20999908447266,75.16000366210938,74.94999694824219,75.08000183105469,74.9000015258789,74.12999725341797,72.55999755859375
75.8499984741211,76.05999755859375,75.20999908447266,75.16000366210938,74.94999694824219,75.08000183105469,74.9000015258789,74.12999725341797,72.55999755859375,73.5199966430664,74.16999816894531,73.29000091552734,73.5999984741211,74.30999755859375,75.2300033569336,75.43000030517578,75.19999694824219,75.4000015258789,75.13999938964844,75.01000213623047,73.91999816894531,73.97000122070312,75.18000030517578,74.80999755859375,74.33000183105469,74.08000183105469,74.37000274658203,75.16999816894531,74.6500015258789,73.66999816894531,73.58999633789062
73.80000305175781,73.55999755859375,73.12000274658203,72.58000183105469,72.3499984741211,69.7300033569336,69.1500015258789,71.77999877929688,71.4800033569336,71.56999969482422,71.38999938964844,70.0,70.4000015258789,69.38999938964844,69.61000061035156,67.23999786376953,67.5,67.58000183105469,69.0199966430664,69.94999694824219,69.94000244140625,70.11000061035156,72.58000183105469,72.05999755859375,71.8499984741211,71.98999786376953,71.9000015258789,72.91999816894531,73.01000213623047,71.37000274658203,71.95999908447266
74.02999877929688,74.91000366210938,75.51000213623047,74.86000061035156,73.91000366210938,72.7699966430664,71.98999786376953,72.80999755859375,72.88999938964844,74.45999908447266,74.5999984741211,74.27999877929688,74.20999908447266,74.19000244140625,73.80999755859375,73.06999969482422,73.63999938964844,73.91000366210938,73.83000183105469,73.2699966430664,72.80000305175781,70.36000061035156,71.08999633789062,71.37999725341797,71.5199966430664,71.44000244140625,70.81999969482422,71.4000015258789,70.87000274658203,71.91999816894531,72.81999969482422
71.08999633789062,71.37999725341797,71.5199966430664,71.44000244140625,70.81999969482422,71.4000015258789,70.87000274658203,71.91999816894531,72.81999969482422,72.88999938964844,71.08000183105469,71.2699966430664,70.95999908447266,71.58000183105469,71.27999877929688,69.91999816894531,70.44999694824219,69.9000015258789,69.8499984741211,69.97000122070312,70.02999877929688,69.37999725341797,70.25,70.0999984741211,69.5999984741211,70.01000213623047,69.52999877929688,69.86000061035156,69.94000244140625,70.88999938964844,70.56999969482422
71.08999633789062,71.37999725341797,71.5199966430664,71.44000244140625,70.81999969482422,71.4000015258789,70.87000274658203,71.91999816894531,72.81999969482422,72.88999938964844,71.08000183105469,71.2699966430664,70.95999908447266,71.58000183105469,71.27999877929688,69.91999816894531,70.44999694824219,69.9000015258789,69.8499984741211,69.97000122070312,70.02999877929688,69.37999725341797,70.25,70.0999984741211,69.5999984741211,70.01000213623047,69.52999877929688,69.86000061035156,69.94000244140625,70.88999938964844,70.56999969482422
75.81999969482422,75.47000122070312,74.31999969482422,74.0199966430664,74.6500015258789,75.5199966430664,75.51000213623047,76.19999694824219,76.16999816894531,75.97000122070312,76.0199966430664,75.83000183105469,74.69000244140625,75.36000061035156,77.06999969482422,77.47000122070312,77.69000244140625,76.12999725341797,74.12999725341797,76.76000213623047,77.08999633789062,75.16000366210938,76.55000305175781,76.94000244140625,74.33999633789062,75.26000213623047,75.04000091552734,74.16000366210938,74.29000091552734,75.31999969482422,75.02999877929688
75.51000213623047,76.19999694824219,76.16999816894531,75.97000122070312,76.0199966430664,75.83000183105469,74.69000244140625,75.36000061035156,77.06999969482422,77.47000122070312,77.69000244140625,76.12999725341797,74.12999725341797,76.76000213623047,77.08999633789062,75.16000366210938,76.55000305175781,76.94000244140625,74.33999633789062,75.26000213623047,75.04000091552734,74.16000366210938,74.29000091552734,75.31999969482422,75.02999877929688,74.0,73.6500015258789,74.58999633789062,73.87000274658203,74.87000274658203,75.20999908447266
98.75,97.93000030517578,99.75,100.0,100.11000061035156,99.08999633789062,100.54000091552734,99.0199966430664,100.73999786376953,99.61000061035156,98.48999786376953,99.76000213623047,102.48999786376953,102.23999786376953,101.75,100.87999725341797,102.16000366210938,101.83000183105469,103.02999877929688,104.08000183105469,102.25,99.63999938964844,99.9800033569336,97.8499984741211,98.66999816894531,100.75,103.1500015258789,102.44000244140625,103.23999786376953,101.47000122070312,102.88999938964844
102.16000366210938,101.83000183105469,103.02999877929688,104.08000183105469,102.25,99.63999938964844,99.9800033569336,97.8499984741211,98.66999816894531,100.75,103.1500015258789,102.44000244140625,103.23999786376953,101.47000122070312,102.88999938964844,104.19999694824219,104.37000274658203,104.68000030517578,105.5,106.87999725341797,101.87000274658203,105.66000366210938,104.2300033569336,104.79000091552734,107.62999725341797,106.95999908447266,106.86000061035156,107.79000091552734,106.94999694824219,106.69999694824219,105.5999984741211
99.63999938964844,99.9800033569336,97.8499984741211,98.66999816894531,100.75,103.1500015258789,102.44000244140625,103.23999786376953,101.47000122070312,102.88999938964844,104.19999694824219,104.37000274658203,104.68000030517578,105.5,106.87999725341797,101.87000274658203,105.66000366210938,104.2300033569336,104.79000091552734,107.62999725341797,106.95999908447266,106.86000061035156,107.79000091552734,106.94999694824219,106.69999694824219,105.5999984741211,104.80999755859375,105.7300033569336,105.0999984741211,106.69999694824219,107.9000015258789
141.89999389648438,140.6999969482422,140.00999450683594,140.6199951171875,140.2100067138672,140.4600067138672,141.6699981689453,144.3699951171875,141.30999755859375,136.64999389648438,137.36000061035156,137.08999633789062,129.77999877929688,126.52999877929688,125.26000213623047,123.08000183105469,122.04000091552734,121.4000015258789,122.66999816894531,127.0199966430664,127.16000366210938,130.16000366210938,128.1300048828125,129.5,130.16000366210938,130.6300048828125,128.38999938964844,129.55999755859375,128.27999877929688,129.58999633789062,126.77999877929688
130.16000366210938,128.1300048828125,129.5,130.16000366210938,130.6300048828125,128.38999938964844,129.55999755859375,128.27999877929688,129.58999633789062,126.77999877929688,126.61000061035156,128.55999755859375,128.9199981689453,128.22000122070312,130.22999572753906,128.7899932861328,128.86000061035156,128.5399932861328,126.88999938964844,125.66999816894531,124.43000030517578,121.88999938964844,123.11000061035156,125.41999816894531,124.04000091552734,122.23999786376953,123.7300033569336,122.58000183105469,123.41999816894531,124.0199966430664,123.52999877929688
131.83999633789062,132.41000366210938,134.1699981689453,134.3300018310547,135.13999938964844,135.25,135.89999389648438,135.8800048828125,135.3300018310547,136.82000732421875,138.25,137.9600067138672,137.25,134.10000610351562,132.19000244140625,132.2899932861328,132.5399932861328,132.4499969482422,132.47999572753906,132.82000732421875,132.10000610351562,130.85000610351562,129.14999389648438,127.05999755859375,128.02000427246094,128.5399932861328,127.2300033569336,128.14999389648438,127.62000274658203,128.50999450683594,129.08999633789062
132.41000366210938,134.1699981689453,134.3300018310547,135.13999938964844,135.25,135.89999389648438,135.8800048828125,135.3300018310547,136.82000732421875,138.25,137.9600067138672,137.25,134.10000610351562,132.19000244140625,132.2899932861328,132.5399932861328,132.4499969482422,132.47999572753906,132.82000732421875,132.10000610351562,130.85000610351562,129.14999389648438,127.05999755859375,128.02000427246094,128.5399932861328,127.2300033569336,128.14999389648438,127.62000274658203,128.50999450683594,129.08999633789062,126.79000091552734
123.16000366210938,124.9800033569336,125.58000183105469,127.3499984741211,127.5,127.45999908447266,128.3300018310547,128.60000610351562,128.1999969482422,127.11000061035156,126.80000305175781,125.4800033569336,125.94000244140625,125.45999908447266,124.69000244140625,127.9800033569336,128.2100067138672,128.22000122070312,127.63999938964844,126.94999694824219,126.30999755859375,127.31999969482422,127.76000213623047,128.5800018310547,129.35000610351562,128.61000061035156,127.37999725341797,128.5800018310547,127.13999938964844,128.69000244140625,128.77000427246094
146.6999969482422,146.6999969482422,148.4600067138672,147.8800048828125,147.17999267578125,148.07000732421875,148.39999389648438,148.08999633789062,148.19000244140625,147.97000122070312,147.94000244140625,145.97999572753906,145.14999389648438,144.99000549316406,142.5399932861328,142.58999633789062,144.4199981689453,146.0800018310547,148.27999877929688,149.24000549316406,149.39999389648438,148.33999633789062,148.64999389648438,147.42999267578125,146.9499969482422,145.4499969482422,147.74000549316406,146.9600067138672,145.55999755859375,148.5,148.4499969482422
129.1999969482422,125.62999725341797,126.05999755859375,122.13999938964844,123.4000015258789,124.61000061035156,124.01000213623047,128.00999450683594,116.58000183105469,118.01000213623047,120.12999725341797,121.55999755859375,117.5199966430664,121.87000274658203,123.61000061035156,122.55999755859375,119.47000122070312,118.87999725341797,116.36000061035156,108.44000244140625,108.62999725341797,112.5999984741211,116.33999633789062,117.56999969482422,115.16000366210938,117.38999938964844,116.9000015258789,115.58999633789062,116.81999969482422,118.16000366210938,118.18000030517578
126.33999633789062,127.02999877929688,127.93000030517578,127.0,127.87999725341797,127.91000366210938,129.47000122070312,131.13999938964844,130.85000610351562,131.1300048828125,131.97000122070312,132.67999267578125,130.57000732421875,130.74000549316406,131.0500030517578,130.75,133.24000549316406,137.0800018310547,134.8000030517578,134.8000030517578,134.00999450683594,132.49000549316406,130.88999938964844,132.0800018310547,133.25999450683594,132.10000610351562,134.72000122070312,133.0,134.4199981689453,132.1199951171875,134.13999938964844
168.5,169.3000030517578,170.80999755859375,172.7100067138672,175.55999755859375,175.36000061035156,176.86000061035156,177.44000244140625,179.42999267578125,180.22999572753906,183.91000366210938,182.99000549316406,182.17999267578125,180.92999267578125,182.02000427246094,181.74000549316406,180.57000732421875,178.6999969482422,179.0500030517578,178.72999572753906,178.7100067138672,178.19000244140625,180.10000610351562,179.38999938964844,175.9600067138672,176.97999572753906,177.25999450683594,175.82000732421875,176.10000610351562,177.36000061035156,177.6300048828125
182.99000549316406,182.17999267578125,180.92999267578125,182.02000427246094,181.74000549316406,180.57000732421875,178.6999969482422,179.0500030517578,178.72999572753906,178.7100067138672,178.19000244140625,180.10000610351562,179.38999938964844,175.9600067138672,176.97999572753906,177.25999450683594,175.82000732421875,176.10000610351562,177.36000061035156,177.6300048828125,177.97999572753906,176.86000061035156,176.64999389648438,178.6999969482422,177.0800018310547,177.3699951171875,178.85000610351562,177.55999755859375,178.57000732421875,176.0500030517578,175.6199951171875
212.4600067138672,233.4499969482422,241.0,241.27000427246094,242.4600067138672,239.44000244140625,237.9499969482422,238.25,237.7100067138672,240.22999572753906,239.5,234.30999755859375,232.8800048828125,234.8800048828125,237.14999389648438,239.1699981689453,237.58999633789062,235.58999633789062,235.77000427246094,235.67999267578125,239.75,238.08999633789062,238.74000549316406,235.88999938964844,237.17999267578125,240.49000549316406,240.4600067138672,239.66000366210938,240.3300018310547,237.0,234.6199951171875
240.58999633789062,240.5800018310547,241.92999267578125,245.22999572753906,249.0,253.0800018310547,252.4600067138672,255.4600067138672,256.0400085449219,256.45001220703125,254.32000732421875,253.6999969482422,255.27999877929688,254.27000427246094,254.2100067138672,255.99000549316406,255.4600067138672,255.75999450683594,258.8900146484375,258.5799865722656,258.3900146484375,260.92999267578125,261.44000244140625,261.9100036621094,260.739990234375,259.75,258.6199951171875,260.0400085449219,259.0400085449219,264.75,262.32000732421875
262.260009765625,264.6300048828125,266.989990234375,265.1499938964844,265.8800048828125,265.5799865722656,267.989990234375,269.29998779296875,276.79998779296875,271.3800048828125,277.9700012207031,275.5400085449219,278.2699890136719,281.9700012207031,285.8999938964844,283.1600036621094,289.94000244140625,291.8399963378906,293.8800048828125,293.94000244140625,296.1400146484375,297.25,297.8999938964844,295.0299987792969,295.1000061035156,295.3599853515625,295.6199951171875,296.3500061035156,294.9100036621094,296.8399963378906,297.79998779296875
327.44000244140625,336.3999938964844,326.1199951171875,322.4800109863281,334.8299865722656,327.3599853515625,337.4800109863281,329.2799987792969,331.7699890136719,336.7200012207031,341.0,340.6400146484375,338.6700134277344,338.8399963378906,329.05999755859375,342.8599853515625,342.7900085449219,340.8800048828125,333.55999755859375,329.5400085449219,324.19000244140625,330.69000244140625,334.42999267578125,340.42999267578125,338.3699951171875,344.5,344.07000732421875,342.4599914550781,344.5899963378906,342.1199951171875,340.9700012207031
338.8399963378906,329.05999755859375,342.8599853515625,342.7900085449219,340.8800048828125,333.55999755859375,329.5400085449219,324.19000244140625,330.69000244140625,334.42999267578125,340.42999267578125,338.3699951171875,344.5,344.07000732421875,342.4599914550781,344.5899963378906,342.1199951171875,340.9700012207031,344.1400146484375,351.2300109863281,363.9200134277344,355.0199890136719,359.2099914550781,359.0,360.0899963378906,352.4800109863281,358.19000244140625,352.1600036621094,356.7200012207031,360.7300109863281,360.1000061035156
371.6000061035156,357.2300109863281,359.75,354.1300048828125,354.6700134277344,337.3699951171875,343.0400085449219,345.6400146484375,353.80999755859375,355.0199890136719,352.7900085449219,358.75,352.7799987792969,350.54998779296875,354.8999938964844,354.8800048828125,348.79998779296875,349.8699951171875,341.6099853515625,338.8900146484375,344.6199951171875,348.75,350.6400146484375,353.70001220703125,353.79998779296875,349.3299865722656,347.0299987792969,348.8599853515625,347.1600036621094,354.8999938964844,373.9599914550781
353.80999755859375,355.0199890136719,352.7900085449219,358.75,352.7799987792969,350.54998779296875,354.8999938964844,354.8800048828125,348.79998779296875,349.8699951171875,341.6099853515625,338.8900146484375,344.6199951171875,348.75,350.6400146484375,353.70001220703125,353.79998779296875,349.3299865722656,347.0299987792969,348.8599853515625,347.1600036621094,354.8999938964844,373.9599914550781,368.55999755859375,374.8800048828125,371.8399963378906,373.989990234375,369.32000732421875,374.94000244140625,364.0199890136719,364.010009765625
364.0199890136719,364.010009765625,356.4599914550781,354.1600036621094,354.4700012207031,355.8599853515625,351.1199951171875,353.0899963378906,352.29998779296875,359.0,365.3299865722656,361.6099853515625,362.75,369.5199890136719,361.1099853515625,377.3599853515625,373.4200134277344,373.07000732421875,361.42999267578125,348.0899963378906,345.0,340.2099914550781,347.4599914550781,341.17999267578125,334.2900085449219,339.55999755859375,331.05999755859375,332.45001220703125,331.3800048828125,336.3500061035156,337.54998779296875
223.85000610351562,237.1999969482422,232.7100067138672,238.1699981689453,236.57000732421875,232.05999755859375,234.42999267578125,230.3300018310547,228.6199951171875,229.5,225.8699951171875,221.24000549316406,219.75,219.30999755859375,218.77999877929688,219.69000244140625,217.14999389648438,216.08999633789062,216.25,216.6699981689453,214.05999755859375,202.72000122070312,211.6300048828125,211.02999877929688,212.7100067138672,209.89999389648438,206.7899932861328,208.41000366210938,207.2100067138672,209.91000366210938,204.32000732421875
269.19000244140625,265.6300048828125,255.2100067138672,263.5899963378906,256.05999755859375,255.82000732421875,251.22999572753906,241.25,239.24000549316406,247.19000244140625,244.8699951171875,250.52000427246094,252.00999450683594,254.72000122070312,252.9600067138672,259.3599853515625,255.1699981689453,252.5800018310547,254.9499969482422,252.36000061035156,249.52000427246094,253.27000427246094,252.42999267578125,251.11000061035156,248.17999267578125,244.14999389648438,234.05999755859375,235.9199981689453,234.3300018310547,238.3800048828125,241.44000244140625
