8.795000076293945,8.489999771118164,8.770000457763672,9.149999618530273,8.975000381469727,8.75,8.345000267028809,7.550000190734863,7.675000190734863,7.894999980926514,7.945000171661377,7.449999809265137,7.625,8.125,8.175000190734863,8.649999618530273,9.050000190734863,9.46500015258789,9.975000381469727,10.460000038146973,10.725000381469727,10.25,9.875,10.329999923706055,10.305000305175781,10.449999809265137,10.71500015258789,10.399999618530273,10.0,9.300000190734863,9.59000015258789
10.25,9.875,10.329999923706055,10.305000305175781,10.449999809265137,10.71500015258789,10.399999618530273,10.0,9.300000190734863,9.59000015258789,9.805000305175781,10.024999618530273,10.199999809265137,10.399999618530273,10.199999809265137,9.800000190734863,10.104999542236328,10.210000038146973,10.050000190734863,10.140000343322754,10.024999618530273,9.949999809265137,9.710000038146973,9.824999809265137,10.324999809265137,10.640000343322754,10.225000381469727,10.0,9.899999618530273,9.574999809265137,9.654999732971191
10.210000038146973,10.050000190734863,10.140000343322754,10.024999618530273,9.949999809265137,9.710000038146973,9.824999809265137,10.324999809265137,10.640000343322754,10.225000381469727,10.0,9.899999618530273,9.574999809265137,9.654999732971191,9.300000190734863,9.449999809265137,8.734999656677246,9.154999732971191,9.28499984741211,9.369999885559082,9.795000076293945,9.75,9.890000343322754,10.175000190734863,10.425000190734863,9.585000038146973,9.970000267028809,10.199999809265137,10.175000190734863,9.274999618530273,9.0
9.5600004196167,9.600000381469727,9.425000190734863,9.225000381469727,9.545000076293945,9.550000190734863,9.46500015258789,9.569999694824219,9.739999771118164,9.635000228881836,9.600000381469727,9.725000381469727,10.005000114440918,9.949999809265137,9.795000076293945,9.904999732971191,10.029999732971191,9.979999542236328,10.149999618530273,10.765000343322754,11.425000190734863,10.994999885559082,10.699999809265137,10.694999694824219,11.75,11.574999809265137,11.154999732971191,11.0,10.949999809265137,10.270000457763672,9.895000457763672
9.75,9.5600004196167,9.460000038146973,9.574999809265137,9.625,9.845000267028809,9.850000381469727,9.880000114440918,9.765000343322754,9.354999542236328,9.420000076293945,9.300000190734863,9.614999771118164,9.704999923706055,10.135000228881836,10.140000343322754,10.175000190734863,10.345000267028809,10.404999732971191,10.265000343322754,10.130000114440918,10.149999618530273,10.145000457763672,9.829999923706055,10.595000267028809,10.399999618530273,10.515000343322754,10.510000228881836,10.305000305175781,9.75,10.975000381469727
16.25,16.049999237060547,15.789999961853027,16.209999084472656,16.235000610351562,16.354999542236328,16.405000686645508,16.545000076293945,16.815000534057617,17.110000610351562,17.579999923706055,17.735000610351562,17.850000381469727,17.739999771118164,17.684999465942383,17.594999313354492,17.489999771118164,17.489999771118164,17.639999389648438,17.510000228881836,17.219999313354492,17.09000015258789,17.024999618530273,17.479999542236328,17.674999237060547,17.174999237060547,17.05500030517578,17.350000381469727,17.155000686645508,16.735000610351562,16.100000381469727
15.774999618530273,16.420000076293945,16.979999542236328,17.020000457763672,17.045000076293945,17.354999542236328,17.834999084472656,16.940000534057617,16.520000457763672,17.239999771118164,17.739999771118164,17.799999237060547,18.125,18.4950008392334,18.190000534057617,18.600000381469727,18.19499969482422,18.479999542236328,18.389999389648438,17.954999923706055,18.05500030517578,17.770000457763672,17.725000381469727,17.860000610351562,18.135000228881836,18.899999618530273,18.290000915527344,17.729999542236328,18.270000457763672,17.59000015258789,17.4950008392334
23.5,23.5,23.56999969482422,23.229999542236328,24.020000457763672,24.334999084472656,24.4950008392334,24.485000610351562,24.329999923706055,23.489999771118164,23.55500030517578,23.43000030517578,23.299999237060547,23.389999389648438,23.53499984741211,23.760000228881836,23.4950008392334,23.3799991607666,23.399999618530273,23.690000534057617,23.674999237060547,23.600000381469727,23.799999237060547,24.010000228881836,23.985000610351562,23.709999084472656,24.110000610351562,23.735000610351562,23.780000686645508,23.204999923706055,22.454999923706055
23.3799991607666,23.399999618530273,23.690000534057617,23.674999237060547,23.600000381469727,23.799999237060547,24.010000228881836,23.985000610351562,23.709999084472656,24.110000610351562,23.735000610351562,23.780000686645508,23.204999923706055,22.454999923706055,21.975000381469727,21.719999313354492,22.149999618530273,22.299999237060547,22.690000534057617,22.485000610351562,21.665000915527344,21.6200008392334,21.024999618530273,21.735000610351562,21.790000915527344,21.09000015258789,21.469999313354492,21.96500015258789,21.71500015258789,20.485000610351562,20.84000015258789
22.604999542236328,22.21500015258789,21.53499984741211,21.80500030517578,21.81999969482422,21.114999771118164,20.93000030517578,21.28499984741211,21.55500030517578,21.799999237060547,21.84000015258789,21.6299991607666,22.09000015258789,21.829999923706055,21.844999313354492,22.375,22.799999237060547,23.639999389648438,23.975000381469727,23.59000015258789,23.825000762939453,24.075000762939453,23.985000610351562,24.184999465942383,24.424999237060547,23.565000534057617,23.989999771118164,24.125,23.604999542236328,23.31999969482422,23.139999389648438
24.024999618530273,23.9950008392334,24.524999618530273,25.135000228881836,25.860000610351562,25.8799991607666,25.575000762939453,25.489999771118164,25.635000228881836,25.625,26.045000076293945,25.450000762939453,24.84000015258789,25.780000686645508,25.81999969482422,25.44499969482422,25.530000686645508,25.045000076293945,25.149999618530273,26.760000228881836,26.6299991607666,26.520000457763672,26.635000228881836,25.9950008392334,26.145000457763672,26.145000457763672,26.549999237060547,26.364999771118164,26.135000228881836,25.8700008392334,25.579999923706055
28.614999771118164,28.200000762939453,28.139999389648438,28.4950008392334,28.299999237060547,27.729999542236328,27.524999618530273,27.579999923706055,27.7450008392334,27.625,27.510000228881836,27.854999542236328,27.895000457763672,27.55500030517578,27.450000762939453,27.704999923706055,27.7450008392334,27.25,28.174999237060547,28.31999969482422,29.010000228881836,28.81999969482422,28.844999313354492,28.780000686645508,28.424999237060547,28.014999389648438,27.524999618530273,27.459999084472656,27.8799991607666,26.829999923706055,26.125
28.844999313354492,28.780000686645508,28.424999237060547,28.014999389648438,27.524999618530273,27.459999084472656,27.8799991607666,26.829999923706055,26.125,26.540000915527344,26.3700008392334,26.71500015258789,26.920000076293945,26.950000762939453,26.5,26.3700008392334,26.854999542236328,26.625,26.764999389648438,26.520000457763672,26.809999465942383,26.959999084472656,26.864999771118164,26.8700008392334,26.954999923706055,27.65999984741211,27.155000686645508,26.915000915527344,26.690000534057617,26.06999969482422,26.190000534057617
32.41999816894531,32.56999969482422,32.93000030517578,33.189998626708984,32.97999954223633,33.31999969482422,33.099998474121094,34.060001373291016,34.34000015258789,33.90999984741211,33.790000915527344,33.83000183105469,33.95000076293945,33.52000045776367,33.029998779296875,34.04999923706055,34.95000076293945,34.150001525878906,33.81999969482422,34.029998779296875,33.61000061035156,33.16999816894531,33.5,33.79999923706055,33.59000015258789,33.25,33.310001373291016,33.459999084472656,33.5,32.91999816894531,32.63999938964844
35.59000015258789,37.099998474121094,37.68000030517578,35.849998474121094,35.209999084472656,35.790000915527344,36.02000045776367,36.41999816894531,36.97999954223633,37.68000030517578,38.2599983215332,38.13999938964844,37.400001525878906,36.41999816894531,37.27000045776367,36.90999984741211,36.36000061035156,37.02000045776367,37.2599983215332,39.209999084472656,40.18000030517578,40.04999923706055,39.61000061035156,40.04999923706055,40.060001373291016,39.97999954223633,39.5099983215332,40.380001068115234,39.91999816894531,39.099998474121094,40.20000076293945
48.810001373291016,50.18000030517578,50.349998474121094,49.810001373291016,51.86000061035156,51.400001525878906,52.209999084472656,53.40999984741211,54.4900016784668,55.279998779296875,56.16999816894531,57.029998779296875,58.779998779296875,56.790000915527344,56.349998474121094,56.150001525878906,57.599998474121094,56.61000061035156,54.630001068115234,56.720001220703125,56.650001525878906,58.709999084472656,58.970001220703125,57.04999923706055,57.400001525878906,58.02000045776367,58.119998931884766,58.5099983215332,58.38999938964844,56.7400016784668,56.7599983215332
49.279998779296875,49.16999816894531,50.2400016784668,50.2400016784668,49.099998474121094,47.31999969482422,45.7599983215332,47.630001068115234,46.86000061035156,45.7400016784668,45.9900016784668,46.27000045776367,46.060001373291016,47.11000061035156,47.40999984741211,45.060001373291016,42.36000061035156,42.7400016784668,43.599998474121094,45.22999954223633,43.36000061035156,42.68000030517578,43.33000183105469,46.869998931884766,46.25,47.16999816894531,49.04999923706055,47.0,48.54999923706055,46.97999954223633,50.18000030517578
45.7599983215332,47.630001068115234,46.86000061035156,45.7400016784668,45.9900016784668,46.27000045776367,46.060001373291016,47.11000061035156,47.40999984741211,45.060001373291016,42.36000061035156,42.7400016784668,43.599998474121094,45.22999954223633,43.36000061035156,42.68000030517578,43.33000183105469,46.869998931884766,46.25,47.16999816894531,49.04999923706055,47.0,48.54999923706055,46.97999954223633,50.18000030517578,53.9900016784668,53.849998474121094,52.97999954223633,54.0,51.88999938964844,51.709999084472656
53.9900016784668,53.849998474121094,52.97999954223633,54.0,51.88999938964844,51.709999084472656,55.66999816894531,55.66999816894531,56.400001525878906,56.41999816894531,56.060001373291016,55.349998474121094,53.689998626708984,55.189998626708984,54.540000915527344,54.88999938964844,55.849998474121094,56.65999984741211,57.040000915527344,56.63999938964844,55.56999969482422,54.849998474121094,55.209999084472656,55.970001220703125,56.18000030517578,55.119998931884766,54.630001068115234,55.040000915527344,56.38999938964844,53.9900016784668,52.75
51.22999954223633,54.099998474121094,54.599998474121094,54.970001220703125,55.45000076293945,53.869998931884766,52.20000076293945,51.58000183105469,50.84000015258789,48.849998474121094,49.369998931884766,49.5,50.290000915527344,49.189998626708984,49.599998474121094,49.15999984741211,48.43000030517578,47.380001068115234,47.560001373291016,45.0,45.83000183105469,44.630001068115234,42.5099983215332,42.91999816894531,44.5099983215332,47.939998626708984,46.86000061035156,46.650001525878906,47.939998626708984,45.41999816894531,45.7400016784668
41.02000045776367,40.5099983215332,39.83000183105469,39.43000030517578,42.900001525878906,42.779998779296875,41.41999816894531,44.220001220703125,45.77000045776367,45.150001525878906,44.209999084472656,44.43000030517578,43.209999084472656,44.18000030517578,44.040000915527344,43.52000045776367,43.47999954223633,44.15999984741211,43.2599983215332,43.11000061035156,43.099998474121094,44.09000015258789,43.869998931884766,45.380001068115234,43.900001525878906,43.93000030517578,43.630001068115234,44.279998779296875,43.54999923706055,42.7599983215332,42.70000076293945
41.209999084472656,42.75,43.33000183105469,45.25,43.04999923706055,43.439998626708984,44.22999954223633,42.560001373291016,41.540000915527344,40.58000183105469,41.5,41.02000045776367,40.5099983215332,39.83000183105469,39.43000030517578,42.900001525878906,42.779998779296875,41.41999816894531,44.220001220703125,45.77000045776367,45.150001525878906,44.209999084472656,44.43000030517578,43.209999084472656,44.18000030517578,44.040000915527344,43.52000045776367,43.47999954223633,44.15999984741211,43.2599983215332,43.11000061035156
32.41999816894531,32.290000915527344,31.489999771118164,31.899999618530273,29.700000762939453,28.829999923706055,28.399999618530273,29.799999237060547,29.860000610351562,30.5,31.309999465942383,30.479999542236328,29.670000076293945,30.09000015258789,30.15999984741211,29.34000015258789,29.34000015258789,29.09000015258789,27.510000228881836,26.90999984741211,26.1299991607666,26.65999984741211,26.25,25.65999984741211,25.969999313354492,26.469999313354492,26.280000686645508,25.81999969482422,26.469999313354492,22.3799991607666,22.549999237060547
23.40999984741211,23.1299991607666,22.559999465942383,22.43000030517578,22.559999465942383,23.020000457763672,23.469999313354492,23.799999237060547,23.31999969482422,23.459999084472656,23.950000762939453,24.059999465942383,24.93000030517578,25.049999237060547,25.020000457763672,24.700000762939453,25.59000015258789,25.34000015258789,25.81999969482422,25.799999237060547,26.790000915527344,26.280000686645508,26.239999771118164,26.65999984741211,26.229999542236328,26.040000915527344,26.209999084472656,26.790000915527344,26.469999313354492,26.020000457763672,25.68000030517578
21.780000686645508,22.0,21.770000457763672,21.81999969482422,21.90999984741211,22.399999618530273,22.639999389648438,22.510000228881836,22.68000030517578,23.1200008392334,23.299999237060547,23.469999313354492,23.65999984741211,23.950000762939453,24.420000076293945,24.809999465942383,25.299999237060547,25.399999618530273,25.139999389648438,25.030000686645508,25.219999313354492,25.459999084472656,24.540000915527344,24.719999313354492,24.989999771118164,24.309999465942383,25.139999389648438,24.739999771118164,24.510000228881836,23.18000030517578,22.579999923706055
25.219999313354492,25.459999084472656,24.540000915527344,24.719999313354492,24.989999771118164,24.309999465942383,25.139999389648438,24.739999771118164,24.510000228881836,23.18000030517578,22.579999923706055,23.299999237060547,22.940000534057617,23.139999389648438,22.68000030517578,21.850000381469727,22.030000686645508,21.40999984741211,21.270000457763672,20.6200008392334,21.299999237060547,21.280000686645508,21.90999984741211,21.65999984741211,22.979999542236328,22.790000915527344,21.860000610351562,22.1299991607666,22.68000030517578,21.770000457763672,21.139999389648438
19.06999969482422,18.270000457763672,18.399999618530273,18.75,18.850000381469727,19.030000686645508,19.31999969482422,19.510000228881836,19.510000228881836,19.520000457763672,18.950000762939453,19.399999618530273,19.799999237060547,19.65999984741211,19.989999771118164,20.5,20.889999389648438,20.290000915527344,20.010000228881836,19.739999771118164,20.049999237060547,21.110000610351562,20.65999984741211,21.260000228881836,21.1299991607666,20.969999313354492,20.959999084472656,20.530000686645508,19.860000610351562,19.709999084472656,19.56999969482422
19.030000686645508,19.31999969482422,19.510000228881836,19.510000228881836,19.520000457763672,18.950000762939453,19.399999618530273,19.799999237060547,19.65999984741211,19.989999771118164,20.5,20.889999389648438,20.290000915527344,20.010000228881836,19.739999771118164,20.049999237060547,21.110000610351562,20.65999984741211,21.260000228881836,21.1299991607666,20.969999313354492,20.959999084472656,20.530000686645508,19.860000610351562,19.709999084472656,19.56999969482422,19.829999923706055,20.020000457763672,20.760000228881836,19.059999465942383,18.809999465942383
27.219999313354492,26.850000381469727,25.950000762939453,24.809999465942383,24.229999542236328,23.829999923706055,23.59000015258789,23.420000076293945,23.709999084472656,23.280000686645508,23.31999969482422,23.469999313354492,23.6299991607666,23.760000228881836,23.5,23.559999465942383,23.579999923706055,23.110000610351562,22.90999984741211,22.850000381469727,21.8799991607666,22.1299991607666,20.559999465942383,21.360000610351562,20.540000915527344,21.440000534057617,20.719999313354492,20.950000762939453,21.389999389648438,20.459999084472656,21.43000030517578
23.989999771118164,23.100000381469727,22.969999313354492,23.790000915527344,23.8700008392334,24.059999465942383,24.329999923706055,24.579999923706055,24.920000076293945,25.649999618530273,25.219999313354492,25.15999984741211,24.239999771118164,24.979999542236328,24.8700008392334,25.059999465942383,25.040000915527344,25.579999923706055,25.600000381469727,25.040000915527344,25.90999984741211,26.200000762939453,25.56999969482422,25.040000915527344,25.100000381469727,25.829999923706055,25.690000534057617,25.450000762939453,25.639999389648438,24.920000076293945,24.600000381469727
23.8700008392334,24.059999465942383,24.329999923706055,24.579999923706055,24.920000076293945,25.649999618530273,25.219999313354492,25.15999984741211,24.239999771118164,24.979999542236328,24.8700008392334,25.059999465942383,25.040000915527344,25.579999923706055,25.600000381469727,25.040000915527344,25.90999984741211,26.200000762939453,25.56999969482422,25.040000915527344,25.100000381469727,25.829999923706055,25.690000534057617,25.450000762939453,25.639999389648438,24.920000076293945,24.600000381469727,25.170000076293945,24.639999389648438,23.559999465942383,22.520000457763672
24.079999923706055,22.8799991607666,22.940000534057617,22.979999542236328,22.809999465942383,23.040000915527344,23.18000030517578,23.299999237060547,22.969999313354492,23.290000915527344,22.729999542236328,23.0,23.329999923706055,22.780000686645508,23.84000015258789,23.8700008392334,24.15999984741211,23.790000915527344,23.899999618530273,24.209999084472656,23.899999618530273,23.770000457763672,23.790000915527344,23.5,23.809999465942383,23.559999465942383,23.950000762939453,24.010000228881836,24.670000076293945,23.15999984741211,23.6200008392334
17.889999389648438,17.280000686645508,17.049999237060547,17.979999542236328,18.56999969482422,19.489999771118164,19.489999771118164,18.790000915527344,18.899999618530273,18.420000076293945,18.149999618530273,18.139999389648438,18.610000610351562,19.15999984741211,19.079999923706055,20.40999984741211,20.549999237060547,21.059999465942383,21.65999984741211,21.59000015258789,21.770000457763672,22.06999969482422,22.3799991607666,23.149999618530273,22.290000915527344,22.43000030517578,22.829999923706055,22.739999771118164,22.299999237060547,22.1299991607666,20.8799991607666
21.1200008392334,20.920000076293945,21.0,21.239999771118164,21.329999923706055,21.299999237060547,22.3700008392334,23.079999923706055,23.25,23.989999771118164,22.959999084472656,22.860000610351562,22.770000457763672,22.780000686645508,22.950000762939453,22.940000534057617,23.440000534057617,23.1200008392334,23.200000762939453,23.100000381469727,23.280000686645508,23.719999313354492,23.0,22.829999923706055,23.600000381469727,23.809999465942383,23.719999313354492,23.920000076293945,23.399999618530273,22.520000457763672,22.110000610351562
52.380001068115234,49.369998931884766,49.900001525878906,50.65999984741211,50.209999084472656,49.970001220703125,49.63999938964844,51.20000076293945,49.61000061035156,50.099998474121094,50.34000015258789,49.560001373291016,49.45000076293945,52.45000076293945,52.119998931884766,52.619998931884766,51.380001068115234,51.84000015258789,49.43000030517578,49.810001373291016,51.04999923706055,50.79999923706055,50.43000030517578,49.650001525878906,49.650001525878906,51.209999084472656,50.31999969482422,49.81999969482422,50.70000076293945,49.58000183105469,49.31999969482422
49.2400016784668,48.16999816894531,44.13999938964844,45.349998474121094,44.970001220703125,45.52000045776367,45.31999969482422,36.310001373291016,36.970001220703125,37.75,37.650001525878906,38.209999084472656,39.25,38.25,36.52000045776367,37.31999969482422,36.04999923706055,35.06999969482422,35.310001373291016,35.06999969482422,33.83000183105469,33.95000076293945,34.7599983215332,35.349998474121094,35.5,36.41999816894531,35.75,36.5099983215332,35.86000061035156,35.61000061035156,36.13999938964844
44.13999938964844,45.349998474121094,44.970001220703125,45.52000045776367,45.31999969482422,36.310001373291016,36.970001220703125,37.75,37.650001525878906,38.209999084472656,39.25,38.25,36.52000045776367,37.31999969482422,36.04999923706055,35.06999969482422,35.310001373291016,35.06999969482422,33.83000183105469,33.95000076293945,34.7599983215332,35.349998474121094,35.5,36.41999816894531,35.75,36.5099983215332,35.86000061035156,35.61000061035156,36.13999938964844,35.599998474121094,35.63999938964844
35.310001373291016,35.06999969482422,33.83000183105469,33.95000076293945,34.7599983215332,35.349998474121094,35.5,36.41999816894531,35.75,36.5099983215332,35.86000061035156,35.61000061035156,36.13999938964844,35.599998474121094,35.63999938964844,35.560001373291016,36.04999923706055,38.470001220703125,38.06999969482422,37.25,37.310001373291016,37.189998626708984,37.349998474121094,38.75,38.689998626708984,38.52000045776367,38.5099983215332,38.4900016784668,38.5,37.119998931884766,38.97999954223633
35.86000061035156,35.61000061035156,36.13999938964844,35.599998474121094,35.63999938964844,35.560001373291016,36.04999923706055,38.470001220703125,38.06999969482422,37.25,37.310001373291016,37.189998626708984,37.349998474121094,38.75,38.689998626708984,38.52000045776367,38.5099983215332,38.4900016784668,38.5,37.119998931884766,38.97999954223633,39.75,38.38999938964844,37.61000061035156,38.439998626708984,37.81999969482422,38.11000061035156,37.790000915527344,38.900001525878906,37.33000183105469,40.619998931884766
38.5,37.119998931884766,38.97999954223633,39.75,38.38999938964844,37.61000061035156,38.439998626708984,37.81999969482422,38.11000061035156,37.790000915527344,38.900001525878906,37.33000183105469,40.619998931884766,41.099998474121094,42.58000183105469,43.369998931884766,44.38999938964844,42.84000015258789,43.52000045776367,43.7400016784668,43.18000030517578,41.209999084472656,40.52000045776367,41.16999816894531,41.45000076293945,40.7400016784668,41.470001220703125,40.970001220703125,42.27000045776367,39.90999984741211,40.209999084472656
39.2599983215332,39.91999816894531,38.150001525878906,37.65999984741211,35.84000015258789,36.02000045776367,36.560001373291016,36.81999969482422,37.849998474121094,36.459999084472656,35.869998931884766,36.220001220703125,36.97999954223633,36.43000030517578,36.939998626708984,36.880001068115234,38.43000030517578,37.290000915527344,38.209999084472656,38.16999816894531,37.849998474121094,36.560001373291016,36.56999969482422,37.2599983215332,36.689998626708984,37.279998779296875,36.52000045776367,37.290000915527344,37.7400016784668,36.29999923706055,36.9900016784668
40.970001220703125,42.27000045776367,39.90999984741211,40.209999084472656,39.369998931884766,40.34000015258789,40.349998474121094,39.68000030517578,39.2599983215332,39.91999816894531,38.150001525878906,37.65999984741211,35.84000015258789,36.02000045776367,36.560001373291016,36.81999969482422,37.849998474121094,36.459999084472656,35.869998931884766,36.220001220703125,36.97999954223633,36.43000030517578,36.939998626708984,36.880001068115234,38.43000030517578,37.290000915527344,38.209999084472656,38.16999816894531,37.849998474121094,36.560001373291016,36.56999969482422
39.2599983215332,39.91999816894531,38.150001525878906,37.65999984741211,35.84000015258789,36.02000045776367,36.560001373291016,36.81999969482422,37.849998474121094,36.459999084472656,35.869998931884766,36.220001220703125,36.97999954223633,36.43000030517578,36.939998626708984,36.880001068115234,38.43000030517578,37.290000915527344,38.209999084472656,38.16999816894531,37.849998474121094,36.560001373291016,36.56999969482422,37.2599983215332,36.689998626708984,37.279998779296875,36.52000045776367,37.290000915527344,37.7400016784668,36.29999923706055,36.9900016784668
40.34000015258789,40.349998474121094,39.68000030517578,39.2599983215332,39.91999816894531,38.150001525878906,37.65999984741211,35.84000015258789,36.02000045776367,36.560001373291016,36.81999969482422,37.849998474121094,36.459999084472656,35.869998931884766,36.220001220703125,36.97999954223633,36.43000030517578,36.939998626708984,36.880001068115234,38.43000030517578,37.290000915527344,38.209999084472656,38.16999816894531,37.849998474121094,36.560001373291016,36.56999969482422,37.2599983215332,36.689998626708984,37.279998779296875,36.52000045776367,37.290000915527344
39.2599983215332,39.91999816894531,38.150001525878906,37.65999984741211,35.84000015258789,36.02000045776367,36.560001373291016,36.81999969482422,37.849998474121094,36.459999084472656,35.869998931884766,36.220001220703125,36.97999954223633,36.43000030517578,36.939998626708984,36.880001068115234,38.43000030517578,37.290000915527344,38.209999084472656,38.16999816894531,37.849998474121094,36.560001373291016,36.56999969482422,37.2599983215332,36.689998626708984,37.279998779296875,36.52000045776367,37.290000915527344,37.7400016784668,36.29999923706055,36.9900016784668
36.56999969482422,37.2599983215332,36.689998626708984,37.279998779296875,36.52000045776367,37.290000915527344,37.7400016784668,36.29999923706055,36.9900016784668,37.720001220703125,40.290000915527344,40.0,39.959999084472656,40.11000061035156,40.400001525878906,40.2400016784668,40.209999084472656,40.56999969482422,40.349998474121094,40.470001220703125,40.5,40.869998931884766,41.7599983215332,41.59000015258789,41.63999938964844,41.790000915527344,41.779998779296875,41.2400016784668,41.779998779296875,41.02000045776367,41.540000915527344
41.59000015258789,41.63999938964844,41.790000915527344,41.779998779296875,41.2400016784668,41.779998779296875,41.02000045776367,41.540000915527344,41.25,42.83000183105469,42.849998474121094,44.09000015258789,44.720001220703125,46.099998474121094,45.68000030517578,46.08000183105469,43.43000030517578,43.13999938964844,41.970001220703125,41.220001220703125,41.689998626708984,41.33000183105469,41.5,40.869998931884766,40.70000076293945,41.63999938964844,40.93000030517578,41.34000015258789,41.83000183105469,39.63999938964844,40.650001525878906
40.93000030517578,41.34000015258789,41.83000183105469,39.63999938964844,40.650001525878906,40.880001068115234,41.33000183105469,40.4900016784668,42.900001525878906,42.40999984741211,42.77000045776367,42.9900016784668,43.16999816894531,42.20000076293945,43.75,43.529998779296875,44.439998626708984,45.2400016784668,44.279998779296875,43.15999984741211,43.13999938964844,43.959999084472656,43.61000061035156,43.5099983215332,44.849998474121094,44.02000045776367,44.22999954223633,43.380001068115234,43.380001068115234,42.380001068115234,43.16999816894531
37.7599983215332,37.400001525878906,37.20000076293945,37.810001373291016,35.83000183105469,35.540000915527344,36.61000061035156,37.06999969482422,37.41999816894531,35.189998626708984,35.56999969482422,33.33000183105469,33.90999984741211,32.29999923706055,32.93000030517578,31.920000076293945,32.689998626708984,33.099998474121094,34.5,34.119998931884766,34.630001068115234,33.38999938964844,33.650001525878906,33.650001525878906,33.83000183105469,33.79999923706055,33.79999923706055,34.720001220703125,33.689998626708984,33.29999923706055,33.689998626708984
37.25,37.349998474121094,37.36000061035156,37.5,37.529998779296875,37.4900016784668,37.349998474121094,37.13999938964844,37.279998779296875,37.029998779296875,36.970001220703125,38.66999816894531,38.68000030517578,40.029998779296875,40.0,40.15999984741211,40.83000183105469,40.650001525878906,39.47999954223633,39.68000030517578,40.70000076293945,41.09000015258789,40.90999984741211,41.119998931884766,40.790000915527344,40.91999816894531,41.34000015258789,40.90999984741211,39.810001373291016,38.790000915527344,38.36000061035156
41.119998931884766,40.790000915527344,40.91999816894531,41.34000015258789,40.90999984741211,39.810001373291016,38.790000915527344,38.36000061035156,37.689998626708984,37.959999084472656,37.779998779296875,38.20000076293945,38.369998931884766,37.97999954223633,38.709999084472656,39.9900016784668,40.400001525878906,40.41999816894531,40.400001525878906,40.88999938964844,40.939998626708984,39.65999984741211,40.31999969482422,40.08000183105469,40.2400016784668,40.31999969482422,40.709999084472656,40.279998779296875,40.38999938964844,39.33000183105469,38.540000915527344
37.959999084472656,37.779998779296875,38.20000076293945,38.369998931884766,37.97999954223633,38.709999084472656,39.9900016784668,40.400001525878906,40.41999816894531,40.400001525878906,40.88999938964844,40.939998626708984,39.65999984741211,40.31999969482422,40.08000183105469,40.2400016784668,40.31999969482422,40.709999084472656,40.279998779296875,40.38999938964844,39.33000183105469,38.540000915527344,39.16999816894531,40.119998931884766,40.02000045776367,39.130001068115234,39.5099983215332,40.189998626708984,39.7599983215332,39.04999923706055,39.20000076293945
42.959999084472656,42.52000045776367,42.5099983215332,43.029998779296875,43.189998626708984,43.09000015258789,43.88999938964844,44.36000061035156,44.54999923706055,43.65999984741211,44.040000915527344,42.77000045776367,42.959999084472656,44.119998931884766,43.560001373291016,44.31999969482422,46.029998779296875,45.7400016784668,46.900001525878906,46.959999084472656,47.349998474121094,46.72999954223633,46.41999816894531,47.22999954223633,46.66999816894531,46.83000183105469,46.939998626708984,47.20000076293945,46.939998626708984,45.4900016784668,45.31999969482422
47.349998474121094,46.72999954223633,46.41999816894531,47.22999954223633,46.66999816894531,46.83000183105469,46.939998626708984,47.20000076293945,46.939998626708984,45.4900016784668,45.31999969482422,45.279998779296875,45.869998931884766,46.15999984741211,45.849998474121094,44.95000076293945,45.56999969482422,46.38999938964844,45.349998474121094,45.16999816894531,45.810001373291016,45.720001220703125,45.619998931884766,46.099998474121094,47.439998626708984,46.95000076293945,46.9900016784668,46.45000076293945,45.22999954223633,44.83000183105469,42.959999084472656
42.959999084472656,42.52000045776367,42.5099983215332,43.029998779296875,43.189998626708984,43.09000015258789,43.88999938964844,44.36000061035156,44.54999923706055,43.65999984741211,44.040000915527344,42.77000045776367,42.959999084472656,44.119998931884766,43.560001373291016,44.31999969482422,46.029998779296875,45.7400016784668,46.900001525878906,46.959999084472656,47.349998474121094,46.72999954223633,46.41999816894531,47.22999954223633,46.66999816894531,46.83000183105469,46.939998626708984,47.20000076293945,46.939998626708984,45.4900016784668,45.31999969482422
47.349998474121094,46.72999954223633,46.41999816894531,47.22999954223633,46.66999816894531,46.83000183105469,46.939998626708984,47.20000076293945,46.939998626708984,45.4900016784668,45.31999969482422,45.279998779296875,45.869998931884766,46.15999984741211,45.849998474121094,44.95000076293945,45.56999969482422,46.38999938964844,45.349998474121094,45.16999816894531,45.810001373291016,45.720001220703125,45.619998931884766,46.099998474121094,47.439998626708984,46.95000076293945,46.9900016784668,46.45000076293945,45.22999954223633,44.83000183105469,42.959999084472656
27.1200008392334,26.649999618530273,26.670000076293945,26.979999542236328,28.0,28.739999771118164,29.239999771118164,28.190000534057617,29.209999084472656,29.440000534057617,29.889999389648438,29.959999084472656,30.540000915527344,30.81999969482422,30.940000534057617,31.290000915527344,32.709999084472656,31.229999542236328,30.739999771118164,30.1200008392334,31.290000915527344,30.440000534057617,30.75,31.65999984741211,30.780000686645508,31.90999984741211,31.360000610351562,30.829999923706055,30.850000381469727,30.18000030517578,30.3700008392334
30.18000030517578,30.3700008392334,30.270000457763672,30.09000015258789,31.510000228881836,31.760000228881836,31.729999542236328,31.34000015258789,30.93000030517578,30.290000915527344,30.09000015258789,29.1200008392334,29.489999771118164,29.8799991607666,30.09000015258789,31.469999313354492,31.649999618530273,31.790000915527344,32.209999084472656,32.45000076293945,32.88999938964844,32.310001373291016,32.79999923706055,32.79999923706055,33.31999969482422,33.380001068115234,32.900001525878906,32.79999923706055,32.36000061035156,31.299999237060547,30.739999771118164
32.09000015258789,31.709999084472656,32.15999984741211,28.739999771118164,28.969999313354492,28.489999771118164,28.389999389648438,28.030000686645508,28.389999389648438,28.3700008392334,28.1299991607666,27.780000686645508,27.18000030517578,27.040000915527344,26.989999771118164,27.030000686645508,27.25,27.09000015258789,27.899999618530273,27.719999313354492,28.1299991607666,28.270000457763672,28.190000534057617,27.639999389648438,27.43000030517578,27.489999771118164,27.139999389648438,27.59000015258789,27.780000686645508,27.1299991607666,27.200000762939453
21.8700008392334,22.31999969482422,22.989999771118164,22.649999618530273,23.059999465942383,23.459999084472656,23.459999084472656,23.459999084472656,24.110000610351562,26.059999465942383,25.81999969482422,25.149999618530273,24.489999771118164,24.690000534057617,24.639999389648438,24.270000457763672,24.520000457763672,24.889999389648438,25.940000534057617,25.969999313354492,26.020000457763672,26.420000076293945,26.389999389648438,25.280000686645508,25.34000015258789,25.420000076293945,25.899999618530273,26.1200008392334,26.389999389648438,25.059999465942383,25.40999984741211
24.110000610351562,26.059999465942383,25.81999969482422,25.149999618530273,24.489999771118164,24.690000534057617,24.639999389648438,24.270000457763672,24.520000457763672,24.889999389648438,25.940000534057617,25.969999313354492,26.020000457763672,26.420000076293945,26.389999389648438,25.280000686645508,25.34000015258789,25.420000076293945,25.899999618530273,26.1200008392334,26.389999389648438,25.059999465942383,25.40999984741211,25.950000762939453,25.270000457763672,25.34000015258789,25.260000228881836,25.3700008392334,25.920000076293945,25.0,24.520000457763672
23.34000015258789,23.489999771118164,23.309999465942383,23.579999923706055,23.93000030517578,23.8700008392334,24.170000076293945,24.219999313354492,24.309999465942383,24.18000030517578,24.489999771118164,24.299999237060547,24.3799991607666,24.739999771118164,24.68000030517578,24.6299991607666,24.790000915527344,25.389999389648438,25.65999984741211,25.3700008392334,25.739999771118164,25.780000686645508,25.420000076293945,25.56999969482422,26.219999313354492,26.260000228881836,25.559999465942383,26.280000686645508,26.520000457763672,24.440000534057617,24.479999542236328
24.18000030517578,24.489999771118164,24.299999237060547,24.3799991607666,24.739999771118164,24.68000030517578,24.6299991607666,24.790000915527344,25.389999389648438,25.65999984741211,25.3700008392334,25.739999771118164,25.780000686645508,25.420000076293945,25.56999969482422,26.219999313354492,26.260000228881836,25.559999465942383,26.280000686645508,26.520000457763672,24.440000534057617,24.479999542236328,24.979999542236328,25.280000686645508,24.90999984741211,24.670000076293945,25.0,25.0,25.18000030517578,24.190000534057617,24.559999465942383
21.280000686645508,21.09000015258789,21.350000381469727,21.100000381469727,20.780000686645508,20.799999237060547,21.260000228881836,21.040000915527344,21.700000762939453,21.5,21.690000534057617,21.360000610351562,21.3799991607666,21.65999984741211,21.93000030517578,22.170000076293945,21.940000534057617,22.079999923706055,21.469999313354492,21.760000228881836,21.850000381469727,20.93000030517578,21.389999389648438,21.100000381469727,21.219999313354492,20.979999542236328,21.639999389648438,21.479999542236328,21.780000686645508,19.399999618530273,19.149999618530273
20.170000076293945,20.190000534057617,20.100000381469727,19.889999389648438,20.010000228881836,20.440000534057617,20.649999618530273,20.850000381469727,20.790000915527344,20.65999984741211,20.469999313354492,20.209999084472656,20.25,20.520000457763672,20.020000457763672,20.149999618530273,20.229999542236328,19.59000015258789,19.5,19.709999084472656,19.40999984741211,19.65999984741211,20.049999237060547,20.049999237060547,20.1299991607666,20.280000686645508,19.959999084472656,19.610000610351562,19.510000228881836,19.34000015258789,18.770000457763672
19.510000228881836,19.34000015258789,18.770000457763672,18.690000534057617,18.600000381469727,18.510000228881836,18.100000381469727,17.829999923706055,17.110000610351562,17.200000762939453,17.559999465942383,16.43000030517578,16.200000762939453,16.190000534057617,16.0,16.18000030517578,16.309999465942383,16.440000534057617,16.729999542236328,17.3700008392334,17.420000076293945,18.170000076293945,19.020000457763672,19.520000457763672,18.75,18.770000457763672,19.399999618530273,19.270000457763672,19.010000228881836,18.6299991607666,19.200000762939453
18.75,18.770000457763672,19.399999618530273,19.270000457763672,19.010000228881836,18.6299991607666,19.200000762939453,19.06999969482422,19.110000610351562,18.670000076293945,18.3799991607666,18.34000015258789,18.65999984741211,18.389999389648438,18.25,18.450000762939453,18.290000915527344,18.510000228881836,18.25,18.170000076293945,17.950000762939453,18.260000228881836,18.200000762939453,18.31999969482422,18.68000030517578,19.229999542236328,19.549999237060547,19.68000030517578,19.959999084472656,17.760000228881836,17.15999984741211
18.510000228881836,18.100000381469727,17.829999923706055,17.110000610351562,17.200000762939453,17.559999465942383,16.43000030517578,16.200000762939453,16.190000534057617,16.0,16.18000030517578,16.309999465942383,16.440000534057617,16.729999542236328,17.3700008392334,17.420000076293945,18.170000076293945,19.020000457763672,19.520000457763672,18.75,18.770000457763672,19.399999618530273,19.270000457763672,19.010000228881836,18.6299991607666,19.200000762939453,19.06999969482422,19.110000610351562,18.670000076293945,18.3799991607666,18.34000015258789
13.829999923706055,13.5,14.039999961853027,13.880000114440918,14.149999618530273,12.619999885559082,12.819999694824219,13.010000228881836,13.34000015258789,13.5600004196167,13.430000305175781,13.479999542236328,13.680000305175781,13.84000015258789,13.630000114440918,13.609999656677246,13.8100004196167,13.9399995803833,13.65999984741211,13.520000457763672,12.880000114440918,13.199999809265137,13.40999984741211,13.460000038146973,13.670000076293945,13.859999656677246,13.649999618530273,13.850000381469727,13.449999809265137,12.829999923706055,13.0
14.600000381469727,14.420000076293945,14.489999771118164,14.529999732971191,14.289999961853027,14.050000190734863,13.329999923706055,12.850000381469727,13.960000038146973,15.199999809265137,15.75,15.710000038146973,15.529999732971191,15.520000457763672,15.109999656677246,14.970000267028809,14.600000381469727,14.880000114440918,14.569999694824219,14.15999984741211,14.050000190734863,14.630000114440918,15.149999618530273,15.470000267028809,14.859999656677246,14.699999809265137,15.09000015258789,15.279999732971191,15.220000267028809,14.579999923706055,14.579999923706055
16.790000915527344,16.610000610351562,16.5,16.600000381469727,16.489999771118164,16.520000457763672,15.520000457763672,16.020000457763672,15.59000015258789,15.550000190734863,15.270000457763672,15.279999732971191,14.869999885559082,14.920000076293945,14.819999694824219,14.680000305175781,14.979999542236328,14.760000228881836,14.829999923706055,14.65999984741211,14.800000190734863,14.880000114440918,15.289999961853027,15.319999694824219,15.0600004196167,14.729999542236328,15.119999885559082,15.270000457763672,15.069999694824219,14.4399995803833,13.710000038146973
4.230000019073486,4.139999866485596,3.9800000190734863,4.590000152587891,4.369999885559082,4.230000019073486,3.7699999809265137,4.190000057220459,3.759999990463257,3.809999942779541,4.159999847412109,4.170000076293945,4.409999847412109,4.21999979019165,3.6500000953674316,3.5,3.25,2.8499999046325684,2.799999952316284,3.0899999141693115,3.2699999809265137,3.4100000858306885,3.890000104904175,4.739999771118164,5.949999809265137,5.269999980926514,5.03000020980835,4.880000114440918,5.610000133514404,4.78000020980835,4.889999866485596
4.980000019073486,5.110000133514404,5.25,5.389999866485596,6.679999828338623,7.650000095367432,7.710000038146973,7.820000171661377,7.650000095367432,7.699999809265137,7.349999904632568,6.230000019073486,6.090000152587891,6.909999847412109,7.090000152587891,8.680000305175781,9.199999809265137,9.470000267028809,8.75,10.5600004196167,10.039999961853027,9.140000343322754,10.020000457763672,10.09000015258789,10.350000381469727,10.199999809265137,9.770000457763672,9.390000343322754,9.460000038146973,9.130000114440918,9.359999656677246
9.460000038146973,9.130000114440918,9.359999656677246,13.489999771118164,12.020000457763672,11.800000190734863,11.880000114440918,12.25,13.829999923706055,13.3100004196167,13.90999984741211,13.859999656677246,14.100000381469727,14.90999984741211,15.0,13.449999809265137,12.6899995803833,11.819999694824219,11.729999542236328,10.470000267028809,10.75,11.569999694824219,10.90999984741211,11.449999809265137,11.859999656677246,11.489999771118164,11.100000381469727,11.75,11.130000114440918,11.010000228881836,12.0600004196167
11.819999694824219,11.729999542236328,10.470000267028809,10.75,11.569999694824219,10.90999984741211,11.449999809265137,11.859999656677246,11.489999771118164,11.100000381469727,11.75,11.130000114440918,11.010000228881836,12.0600004196167,11.630000114440918,11.569999694824219,12.460000038146973,12.710000038146973,13.899999618530273,13.670000076293945,14.75,16.079999923706055,16.559999465942383,15.800000190734863,16.579999923706055,16.1200008392334,16.899999618530273,16.350000381469727,16.940000534057617,13.65999984741211,14.119999885559082
225.0,90.0,92.41000366210938,53.5,63.77000045776367,60.0,50.310001373291016,51.20000076293945,51.099998474121094,52.400001525878906,49.5099983215332,45.939998626708984,40.689998626708984,40.59000015258789,46.0,44.970001220703125,91.70999908447266,108.7300033569336,101.73999786376953,120.4000015258789,118.18000030517578,124.18000030517578,132.35000610351562,137.74000549316406,194.5,246.89999389648438,265.0,260.0,264.5,220.13999938964844,208.1699981689453
