55.28125,63.5,68.03125,71.03125,69.59375,68.71875,66.71875,69.53125,66.65625,68.46875,66.0,63.5625,63.3125,60.9375,65.0,67.25,65.28125,73.4375,69.84375,66.78125,71.625,71.21875,69.5,66.09375,65.9375,66.625,64.0,64.5625,63.5,68.0625,65.09375
70.375,73.3125,70.625,69.5625,76.125,70.59375,68.71875,62.5625,63.25,52.59375,58.4375,56.09375,57.375,54.75,49.8125,52.46875,48.625,51.75,54.21875,54.875,56.84375,55.46875,53.34375,54.875,51.5,52.5,48.65625,49.65625,49.0,52.15625,54.34375
48.625,51.75,54.21875,54.875,56.84375,55.46875,53.34375,54.875,51.5,52.5,48.65625,49.65625,49.0,52.15625,54.34375,51.578125,48.46875,44.59375,44.21875,39.6875,38.375,34.5,33.03125,38.1875,33.1875,34.5,36.34375,33.625,34.4375,37.34375,38.71875
34.34375,32.78125,31.21875,32.46875,31.46875,30.96875,32.125,32.0,31.78125,30.53125,30.71875,30.71875,30.8125,31.3125,30.6875,30.25,30.28125,29.875,29.5,28.3125,28.21875,30.3125,29.4375,29.6875,30.125,29.15625,29.9375,29.625,29.6875,30.90625,32.0625
52.21875,51.625,49.75,44.90625,45.65625,44.03125,39.78125,42.71875,41.71875,38.5625,37.90625,42.5,41.90625,44.9375,44.6875,41.09375,35.4375,42.03125,39.46875,36.53125,38.9375,36.625,36.21875,35.28125,35.90625,35.46875,36.5,36.53125,35.1875,37.71875,38.8125
27.40625,30.59375,30.25,31.46875,29.53125,28.8125,28.625,25.96875,24.03125,26.40625,25.65625,26.09375,25.15625,29.09375,27.0,29.0625,28.4375,29.4375,28.3125,29.9375,27.40625,27.34375,28.3125,25.75,22.875,21.9375,23.96875,22.3125,22.6200008392334,24.399999618530273,25.545000076293945
21.9375,23.96875,22.3125,22.6200008392334,24.399999618530273,25.545000076293945,26.520000457763672,24.184999465942383,25.3799991607666,29.375,33.165000915527344,31.915000915527344,29.100000381469727,29.75,31.489999771118164,29.024999618530273,28.149999618530273,28.68000030517578,30.875,30.049999237060547,29.420000076293945,30.795000076293945,30.2450008392334,31.024999618530273,29.639999389648438,29.30500030517578,28.975000381469727,28.459999084472656,29.75,32.380001068115234,33.17499923706055
31.68000030517578,32.790000915527344,32.05500030517578,32.345001220703125,31.274999618530273,32.849998474121094,32.2400016784668,30.424999237060547,28.875,29.795000076293945,29.829999923706055,31.59000015258789,32.05500030517578,31.614999771118164,32.685001373291016,34.16999816894531,33.43000030517578,33.650001525878906,33.779998779296875,32.54499816894531,32.86000061035156,31.885000228881836,33.29999923706055,32.96500015258789,31.764999389648438,32.404998779296875,30.780000686645508,31.854999542236328,31.219999313354492,31.875,31.475000381469727
24.674999237060547,26.6200008392334,27.93000030517578,27.635000228881836,26.149999618530273,24.344999313354492,24.559999465942383,25.815000534057617,26.760000228881836,26.540000915527344,27.364999771118164,27.55500030517578,28.145000457763672,27.709999084472656,28.114999771118164,28.780000686645508,29.03499984741211,29.479999542236328,30.040000915527344,31.235000610351562,29.610000610351562,29.889999389648438,30.655000686645508,30.200000762939453,30.010000228881836,28.645000457763672,29.209999084472656,29.360000610351562,28.639999389648438,29.954999923706055,30.9950008392334
23.635000228881836,22.475000381469727,20.700000762939453,21.770000457763672,21.854999542236328,23.024999618530273,22.69499969482422,21.59000015258789,22.344999313354492,22.024999618530273,21.229999542236328,20.395000457763672,19.905000686645508,20.299999237060547,19.55500030517578,18.729999542236328,20.639999389648438,20.25,20.950000762939453,20.024999618530273,18.700000762939453,18.65999984741211,17.954999923706055,16.25,16.350000381469727,17.954999923706055,17.385000228881836,16.78499984741211,16.625,17.985000610351562,19.434999465942383
12.994999885559082,14.0649995803833,13.789999961853027,13.739999771118164,12.805000305175781,12.774999618530273,11.875,12.59000015258789,12.505000114440918,13.020000457763672,12.949999809265137,12.90999984741211,13.15999984741211,13.875,14.234999656677246,14.545000076293945,14.949999809265137,14.645000457763672,14.614999771118164,15.125,14.739999771118164,14.949999809265137,14.289999961853027,13.654999732971191,14.1899995803833,13.854999542236328,13.444999694824219,13.5600004196167,13.380000114440918,14.229999542236328,14.930000305175781
14.630000114440918,14.744999885559082,14.350000381469727,13.954999923706055,14.954999923706055,15.6850004196167,16.375,17.670000076293945,17.079999923706055,17.9950008392334,18.100000381469727,18.44499969482422,18.479999542236328,18.260000228881836,17.69499969482422,18.260000228881836,17.69499969482422,16.844999313354492,16.81999969482422,17.260000228881836,17.834999084472656,17.850000381469727,17.815000534057617,17.924999237060547,17.469999313354492,17.3700008392334,16.489999771118164,17.239999771118164,17.565000534057617,19.100000381469727,19.719999313354492
19.69499969482422,19.770000457763672,19.174999237060547,18.81999969482422,18.84000015258789,19.4950008392334,19.229999542236328,19.03499984741211,18.635000228881836,18.399999618530273,18.19499969482422,18.56999969482422,17.850000381469727,18.684999465942383,18.6299991607666,18.309999465942383,19.34000015258789,19.225000381469727,19.350000381469727,19.65999984741211,19.184999465942383,19.19499969482422,18.399999618530273,18.479999542236328,18.344999313354492,18.96500015258789,18.399999618530273,18.190000534057617,18.545000076293945,19.0049991607666,18.770000457763672
18.770000457763672,18.829999923706055,18.670000076293945,18.299999237060547,18.139999389648438,18.290000915527344,18.1200008392334,18.809999465942383,18.825000762939453,18.280000686645508,16.954999923706055,17.350000381469727,17.69499969482422,17.770000457763672,17.350000381469727,17.610000610351562,17.59000015258789,17.385000228881836,16.735000610351562,17.110000610351562,17.290000915527344,17.0049991607666,17.225000381469727,17.7450008392334,17.489999771118164,17.59000015258789,17.1200008392334,17.264999389648438,17.559999465942383,18.844999313354492,18.739999771118164
19.7450008392334,19.549999237060547,19.079999923706055,19.31999969482422,19.184999465942383,18.899999618530273,18.65999984741211,17.844999313354492,17.7450008392334,17.4950008392334,18.1200008392334,18.125,18.604999542236328,18.924999237060547,19.309999465942383,19.065000534057617,18.670000076293945,18.739999771118164,18.25,18.690000534057617,18.010000228881836,18.235000610351562,18.204999923706055,17.68000030517578,17.940000534057617,18.3799991607666,18.915000915527344,19.190000534057617,19.18000030517578,19.55500030517578,19.34000015258789
19.434999465942383,19.489999771118164,19.799999237060547,20.5,20.485000610351562,20.665000915527344,20.604999542236328,20.184999465942383,20.549999237060547,20.604999542236328,21.239999771118164,20.90999984741211,20.309999465942383,20.5,21.40999984741211,21.725000381469727,22.44499969482422,22.1200008392334,22.864999771118164,22.524999618530273,22.309999465942383,22.389999389648438,21.760000228881836,21.44499969482422,20.825000762939453,21.670000076293945,20.834999084472656,21.174999237060547,21.4950008392334,21.9950008392334,21.96500015258789
22.25,22.665000915527344,22.0049991607666,21.934999465942383,22.100000381469727,22.1200008392334,23.5,23.760000228881836,24.010000228881836,23.7450008392334,24.125,23.65999984741211,23.295000076293945,23.329999923706055,24.020000457763672,23.354999542236328,23.209999084472656,23.905000686645508,23.850000381469727,23.700000762939453,23.360000610351562,22.71500015258789,23.014999389648438,22.385000228881836,21.959999084472656,22.594999313354492,22.790000915527344,22.229999542236328,22.274999618530273,22.799999237060547,22.450000762939453
21.934999465942383,22.100000381469727,22.1200008392334,23.5,23.760000228881836,24.010000228881836,23.7450008392334,24.125,23.65999984741211,23.295000076293945,23.329999923706055,24.020000457763672,23.354999542236328,23.209999084472656,23.905000686645508,23.850000381469727,23.700000762939453,23.360000610351562,22.71500015258789,23.014999389648438,22.385000228881836,21.959999084472656,22.594999313354492,22.790000915527344,22.229999542236328,22.274999618530273,22.799999237060547,22.450000762939453,22.235000610351562,24.549999237060547,24.739999771118164
24.65999984741211,25.739999771118164,25.514999389648438,26.125,26.760000228881836,26.420000076293945,26.514999389648438,27.40999984741211,27.190000534057617,26.96500015258789,26.809999465942383,27.375,27.114999771118164,27.8799991607666,29.475000381469727,29.485000610351562,30.045000076293945,29.719999313354492,30.05500030517578,29.959999084472656,29.834999084472656,29.440000534057617,29.385000228881836,28.55500030517578,28.46500015258789,29.225000381469727,28.549999237060547,28.280000686645508,28.770000457763672,29.30500030517578,28.780000686645508
27.190000534057617,26.96500015258789,26.809999465942383,27.375,27.114999771118164,27.8799991607666,29.475000381469727,29.485000610351562,30.045000076293945,29.719999313354492,30.05500030517578,29.959999084472656,29.834999084472656,29.440000534057617,29.385000228881836,28.55500030517578,28.46500015258789,29.225000381469727,28.549999237060547,28.280000686645508,28.770000457763672,29.30500030517578,28.780000686645508,28.719999313354492,28.19499969482422,28.43000030517578,28.844999313354492,28.579999923706055,29.045000076293945,29.690000534057617,29.309999465942383
27.375,27.114999771118164,27.8799991607666,29.475000381469727,29.485000610351562,30.045000076293945,29.719999313354492,30.05500030517578,29.959999084472656,29.834999084472656,29.440000534057617,29.385000228881836,28.55500030517578,28.46500015258789,29.225000381469727,28.549999237060547,28.280000686645508,28.770000457763672,29.30500030517578,28.780000686645508,28.719999313354492,28.19499969482422,28.43000030517578,28.844999313354492,28.579999923706055,29.045000076293945,29.690000534057617,29.309999465942383,28.844999313354492,29.774999618530273,29.530000686645508
29.774999618530273,29.530000686645508,29.395000457763672,29.700000762939453,31.21500015258789,30.540000915527344,31.040000915527344,31.850000381469727,31.545000076293945,31.375,31.0049991607666,30.8799991607666,31.28499984741211,31.940000534057617,31.809999465942383,31.875,31.75,30.889999389648438,31.510000228881836,31.40999984741211,32.064998626708984,32.36000061035156,32.415000915527344,32.18000030517578,31.155000686645508,30.795000076293945,31.104999542236328,31.459999084472656,30.8799991607666,32.80500030517578,32.790000915527344
30.889999389648438,31.510000228881836,31.40999984741211,32.064998626708984,32.36000061035156,32.415000915527344,32.18000030517578,31.155000686645508,30.795000076293945,31.104999542236328,31.459999084472656,30.8799991607666,32.80500030517578,32.790000915527344,33.14500045776367,33.14500045776367,34.1150016784668,34.595001220703125,34.154998779296875,34.224998474121094,33.689998626708984,34.08000183105469,33.57500076293945,33.66999816894531,33.02000045776367,32.43000030517578,33.29499816894531,32.21500015258789,32.91999816894531,33.939998626708984,33.4900016784668
34.08000183105469,33.57500076293945,33.66999816894531,33.02000045776367,32.43000030517578,33.29499816894531,32.21500015258789,32.91999816894531,33.939998626708984,33.4900016784668,33.07500076293945,32.904998779296875,32.55500030517578,32.20500183105469,31.229999542236328,31.989999771118164,32.32500076293945,32.505001068115234,31.954999923706055,31.625,31.815000534057617,32.36000061035156,31.950000762939453,32.23500061035156,31.825000762939453,31.280000686645508,32.0099983215332,31.780000686645508,32.099998474121094,32.70000076293945,32.775001525878906
34.22999954223633,34.93000030517578,34.36000061035156,34.70000076293945,34.375,34.125,33.244998931884766,32.744998931884766,33.974998474121094,33.95000076293945,34.34000015258789,34.540000915527344,34.334999084472656,35.775001525878906,36.4900016784668,36.025001525878906,36.1349983215332,35.290000915527344,35.7400016784668,35.32500076293945,35.279998779296875,34.724998474121094,35.1349983215332,34.814998626708984,34.439998626708984,34.13999938964844,34.084999084472656,34.76499938964844,33.84000015258789,36.25,35.45000076293945
34.724998474121094,35.1349983215332,34.814998626708984,34.439998626708984,34.13999938964844,34.084999084472656,34.76499938964844,33.84000015258789,36.25,35.45000076293945,35.25,35.21500015258789,35.029998779296875,35.0,34.60499954223633,36.029998779296875,35.48500061035156,35.64500045776367,34.875,33.775001525878906,34.32500076293945,34.84000015258789,34.2599983215332,34.59000015258789,34.584999084472656,34.91999816894531,34.959999084472656,36.02000045776367,35.5099983215332,37.20000076293945,37.970001220703125
35.290000915527344,35.7400016784668,35.32500076293945,35.279998779296875,34.724998474121094,35.1349983215332,34.814998626708984,34.439998626708984,34.13999938964844,34.084999084472656,34.76499938964844,33.84000015258789,36.25,35.45000076293945,35.25,35.21500015258789,35.029998779296875,35.0,34.60499954223633,36.029998779296875,35.48500061035156,35.64500045776367,34.875,33.775001525878906,34.32500076293945,34.84000015258789,34.2599983215332,34.59000015258789,34.584999084472656,34.91999816894531,34.959999084472656
37.20000076293945,37.970001220703125,38.0099983215332,38.31999969482422,37.93000030517578,38.43000030517578,37.709999084472656,38.04999923706055,37.9900016784668,38.81999969482422,38.4900016784668,39.33000183105469,39.5099983215332,39.650001525878906,39.4900016784668,40.400001525878906,40.900001525878906,40.56999969482422,40.400001525878906,38.83000183105469,38.41999816894531,39.45000076293945,38.68000030517578,38.720001220703125,38.25,38.0099983215332,38.09000015258789,38.95000076293945,39.040000915527344,40.45000076293945,40.970001220703125
42.31999969482422,42.130001068115234,42.310001373291016,43.0,43.220001220703125,43.150001525878906,43.2400016784668,43.119998931884766,42.099998474121094,42.209999084472656,42.619998931884766,41.06999969482422,37.779998779296875,37.79999923706055,36.540000915527344,36.65999984741211,36.900001525878906,36.13999938964844,36.349998474121094,37.2400016784668,36.83000183105469,36.38999938964844,36.11000061035156,36.95000076293945,35.97999954223633,36.2400016784668,35.689998626708984,35.310001373291016,36.15999984741211,37.16999816894531,36.880001068115234
37.08000183105469,37.349998474121094,37.459999084472656,38.11000061035156,37.7599983215332,36.880001068115234,36.470001220703125,36.529998779296875,36.0,36.310001373291016,35.7599983215332,36.189998626708984,35.75,36.90999984741211,36.630001068115234,35.54999923706055,36.08000183105469,35.650001525878906,35.119998931884766,35.16999816894531,34.900001525878906,34.4900016784668,34.599998474121094,32.900001525878906,33.56999969482422,32.689998626708984,32.52000045776367,32.79999923706055,33.209999084472656,34.709999084472656,33.91999816894531
33.0099983215332,33.599998474121094,33.59000015258789,33.400001525878906,33.470001220703125,34.75,35.20000076293945,35.099998474121094,34.91999816894531,35.349998474121094,35.58000183105469,35.119998931884766,35.79999923706055,36.09000015258789,39.0099983215332,39.29999923706055,39.290000915527344,39.540000915527344,40.150001525878906,39.779998779296875,39.47999954223633,39.0,39.650001525878906,39.93000030517578,39.560001373291016,39.15999984741211,39.20000076293945,38.77000045776367,39.209999084472656,40.47999954223633,40.790000915527344
39.540000915527344,40.150001525878906,39.779998779296875,39.47999954223633,39.0,39.650001525878906,39.93000030517578,39.560001373291016,39.15999984741211,39.20000076293945,38.77000045776367,39.209999084472656,40.47999954223633,40.790000915527344,41.459999084472656,40.25,40.119998931884766,39.93000030517578,40.209999084472656,40.54999923706055,40.290000915527344,39.619998931884766,40.060001373291016,39.849998474121094,39.970001220703125,39.86000061035156,39.709999084472656,40.0,39.959999084472656,40.54999923706055,40.599998474121094
39.7599983215332,39.4900016784668,40.380001068115234,44.02000045776367,44.79999923706055,44.63999938964844,45.290000915527344,44.66999816894531,45.65999984741211,45.41999816894531,45.529998779296875,44.939998626708984,44.95000076293945,45.529998779296875,45.93000030517578,46.08000183105469,45.93000030517578,46.0099983215332,46.18000030517578,46.040000915527344,45.540000915527344,45.470001220703125,45.599998474121094,45.20000076293945,44.4900016784668,44.7400016784668,45.0,44.209999084472656,44.45000076293945,45.20000076293945,45.84000015258789
46.08000183105469,45.93000030517578,46.0099983215332,46.18000030517578,46.040000915527344,45.540000915527344,45.470001220703125,45.599998474121094,45.20000076293945,44.4900016784668,44.7400016784668,45.0,44.209999084472656,44.45000076293945,45.20000076293945,45.84000015258789,46.22999954223633,45.7400016784668,44.95000076293945,43.689998626708984,44.09000015258789,43.9900016784668,44.38999938964844,44.38999938964844,43.63999938964844,43.650001525878906,43.540000915527344,43.08000183105469,44.0,45.43000030517578,45.209999084472656
44.0,45.43000030517578,45.209999084472656,47.36000061035156,47.56999969482422,47.380001068115234,48.79999923706055,49.0,48.63999938964844,48.119998931884766,47.75,48.66999816894531,46.959999084472656,46.91999816894531,48.06999969482422,47.58000183105469,47.5,48.02000045776367,48.56999969482422,47.959999084472656,47.93000030517578,46.880001068115234,46.08000183105469,45.93000030517578,45.72999954223633,46.970001220703125,46.15999984741211,46.65999984741211,45.95000076293945,47.599998474121094,47.34000015258789
48.63999938964844,48.119998931884766,47.75,48.66999816894531,46.959999084472656,46.91999816894531,48.06999969482422,47.58000183105469,47.5,48.02000045776367,48.56999969482422,47.959999084472656,47.93000030517578,46.880001068115234,46.08000183105469,45.93000030517578,45.72999954223633,46.970001220703125,46.15999984741211,46.65999984741211,45.95000076293945,47.599998474121094,47.34000015258789,48.099998474121094,48.310001373291016,46.939998626708984,47.779998779296875,46.93000030517578,47.189998626708984,48.349998474121094,47.15999984741211
47.58000183105469,47.5,48.02000045776367,48.56999969482422,47.959999084472656,47.93000030517578,46.880001068115234,46.08000183105469,45.93000030517578,45.72999954223633,46.970001220703125,46.15999984741211,46.65999984741211,45.95000076293945,47.599998474121094,47.34000015258789,48.099998474121094,48.310001373291016,46.939998626708984,47.779998779296875,46.93000030517578,47.189998626708984,48.349998474121094,47.15999984741211,48.029998779296875,47.83000183105469,47.630001068115234,47.2400016784668,47.86000061035156,49.529998779296875,48.099998474121094
49.58000183105469,49.349998474121094,49.709999084472656,49.36000061035156,50.720001220703125,50.849998474121094,50.61000061035156,51.18000030517578,51.810001373291016,51.66999816894531,51.7599983215332,51.959999084472656,51.58000183105469,51.38999938964844,50.970001220703125,51.47999954223633,51.02000045776367,52.029998779296875,52.5,51.84000015258789,51.38999938964844,52.29999923706055,51.5,51.08000183105469,52.029998779296875,51.34000015258789,50.650001525878906,51.060001373291016,51.75,52.34000015258789,52.560001373291016
43.95000076293945,43.38999938964844,43.90999984741211,44.20000076293945,41.380001068115234,39.5,40.09000015258789,38.689998626708984,39.470001220703125,40.540000915527344,40.06999969482422,39.459999084472656,38.16999816894531,38.470001220703125,38.0,37.79999923706055,38.869998931884766,37.54999923706055,36.560001373291016,36.369998931884766,36.560001373291016,37.400001525878906,36.72999954223633,35.849998474121094,34.439998626708984,35.380001068115234,34.279998779296875,34.97999954223633,34.52000045776367,35.790000915527344,35.2599983215332
33.529998779296875,33.900001525878906,33.310001373291016,33.59000015258789,35.45000076293945,37.83000183105469,37.20000076293945,37.31999969482422,37.099998474121094,37.5099983215332,36.650001525878906,37.27000045776367,37.380001068115234,37.18000030517578,37.59000015258789,37.90999984741211,37.66999816894531,38.349998474121094,39.189998626708984,38.040000915527344,36.970001220703125,36.540000915527344,36.810001373291016,37.650001525878906,37.29999923706055,37.20000076293945,36.810001373291016,36.599998474121094,37.099998474121094,38.11000061035156,38.47999954223633
36.650001525878906,36.59000015258789,36.349998474121094,37.5,38.7400016784668,39.18000030517578,39.13999938964844,39.540000915527344,38.93000030517578,38.869998931884766,38.43000030517578,39.40999984741211,39.5,39.06999969482422,38.4900016784668,38.310001373291016,38.540000915527344,37.810001373291016,37.619998931884766,37.56999969482422,37.689998626708984,37.790000915527344,37.459999084472656,39.150001525878906,38.689998626708984,38.2599983215332,37.84000015258789,38.54999923706055,39.47999954223633,39.619998931884766,39.470001220703125
35.849998474121094,36.650001525878906,36.59000015258789,36.349998474121094,37.5,38.7400016784668,39.18000030517578,39.13999938964844,39.540000915527344,38.93000030517578,38.869998931884766,38.43000030517578,39.40999984741211,39.5,39.06999969482422,38.4900016784668,38.310001373291016,38.540000915527344,37.810001373291016,37.619998931884766,37.56999969482422,37.689998626708984,37.790000915527344,37.459999084472656,39.150001525878906,38.689998626708984,38.2599983215332,37.84000015258789,38.54999923706055,39.47999954223633,39.619998931884766
41.83000183105469,43.209999084472656,43.70000076293945,43.68000030517578,42.90999984741211,43.040000915527344,43.72999954223633,43.349998474121094,42.56999969482422,42.41999816894531,42.630001068115234,42.5,42.25,42.65999984741211,43.08000183105469,43.709999084472656,43.650001525878906,43.29999923706055,42.68000030517578,43.0,42.099998474121094,42.599998474121094,42.54999923706055,43.38999938964844,43.369998931884766,42.970001220703125,43.36000061035156,43.439998626708984,42.88999938964844,44.36000061035156,45.34000015258789
43.650001525878906,43.29999923706055,42.68000030517578,43.0,42.099998474121094,42.599998474121094,42.54999923706055,43.38999938964844,43.369998931884766,42.970001220703125,43.36000061035156,43.439998626708984,42.88999938964844,44.36000061035156,45.34000015258789,45.29999923706055,44.630001068115234,43.79999923706055,43.77000045776367,44.27000045776367,44.279998779296875,44.099998474121094,43.95000076293945,44.16999816894531,44.27000045776367,43.90999984741211,44.86000061035156,44.25,44.16999816894531,45.04999923706055,44.81999969482422
37.029998779296875,36.45000076293945,35.9900016784668,37.790000915527344,37.9900016784668,38.630001068115234,40.0,39.349998474121094,39.959999084472656,39.060001373291016,38.349998474121094,36.93000030517578,36.630001068115234,40.40999984741211,40.0,40.5,40.29999923706055,40.279998779296875,42.41999816894531,42.20000076293945,41.849998474121094,40.720001220703125,39.650001525878906,40.939998626708984,41.91999816894531,41.86000061035156,40.939998626708984,42.0099983215332,40.869998931884766,42.20000076293945,41.95000076293945
51.16999816894531,49.2599983215332,48.540000915527344,47.66999816894531,46.279998779296875,45.61000061035156,46.72999954223633,49.09000015258789,47.91999816894531,46.81999969482422,47.91999816894531,44.939998626708984,46.70000076293945,48.7400016784668,45.959999084472656,45.90999984741211,45.290000915527344,46.540000915527344,45.84000015258789,39.880001068115234,42.970001220703125,41.52000045776367,40.56999969482422,40.869998931884766,40.22999954223633,39.18000030517578,41.06999969482422,39.68000030517578,38.97999954223633,42.29999923706055,40.31999969482422
31.809999465942383,30.010000228881836,29.209999084472656,30.170000076293945,32.81999969482422,32.689998626708984,33.45000076293945,33.56999969482422,29.959999084472656,30.540000915527344,30.299999237060547,30.079999923706055,31.899999618530273,33.529998779296875,33.47999954223633,34.470001220703125,32.59000015258789,33.91999816894531,33.810001373291016,36.060001373291016,35.099998474121094,34.119998931884766,35.029998779296875,34.810001373291016,34.18000030517578,34.15999984741211,34.43000030517578,34.099998474121094,34.939998626708984,35.83000183105469,37.04999923706055
33.47999954223633,34.470001220703125,32.59000015258789,33.91999816894531,33.810001373291016,36.060001373291016,35.099998474121094,34.119998931884766,35.029998779296875,34.810001373291016,34.18000030517578,34.15999984741211,34.43000030517578,34.099998474121094,34.939998626708984,35.83000183105469,37.04999923706055,36.45000076293945,37.150001525878906,35.54999923706055,35.279998779296875,35.0,34.86000061035156,35.13999938964844,33.7599983215332,34.79999923706055,36.02000045776367,34.13999938964844,35.869998931884766,36.060001373291016,36.56999969482422
35.869998931884766,36.060001373291016,36.56999969482422,36.58000183105469,35.630001068115234,36.81999969482422,35.130001068115234,34.54999923706055,35.290000915527344,34.220001220703125,33.83000183105469,35.040000915527344,36.31999969482422,36.650001525878906,35.02000045776367,34.61000061035156,35.540000915527344,35.68000030517578,34.720001220703125,34.31999969482422,33.84000015258789,34.06999969482422,32.779998779296875,34.4900016784668,33.93000030517578,33.65999984741211,33.43000030517578,32.790000915527344,33.45000076293945,34.7400016784668,34.630001068115234
35.630001068115234,36.81999969482422,35.130001068115234,34.54999923706055,35.290000915527344,34.220001220703125,33.83000183105469,35.040000915527344,36.31999969482422,36.650001525878906,35.02000045776367,34.61000061035156,35.540000915527344,35.68000030517578,34.720001220703125,34.31999969482422,33.84000015258789,34.06999969482422,32.779998779296875,34.4900016784668,33.93000030517578,33.65999984741211,33.43000030517578,32.790000915527344,33.45000076293945,34.7400016784668,34.630001068115234,33.630001068115234,33.0,35.36000061035156,35.349998474121094
38.81999969482422,38.029998779296875,38.5,39.540000915527344,38.939998626708984,37.869998931884766,38.90999984741211,39.68000030517578,41.310001373291016,41.189998626708984,40.65999984741211,39.36000061035156,40.220001220703125,41.650001525878906,40.880001068115234,40.79999923706055,40.900001525878906,41.63999938964844,40.97999954223633,39.630001068115234,40.27000045776367,40.119998931884766,40.72999954223633,41.36000061035156,43.16999816894531,42.2400016784668,43.08000183105469,42.31999969482422,42.65999984741211,43.349998474121094,43.4900016784668
43.439998626708984,44.310001373291016,44.650001525878906,46.060001373291016,46.720001220703125,47.400001525878906,47.029998779296875,47.97999954223633,48.45000076293945,47.400001525878906,47.349998474121094,46.47999954223633,46.36000061035156,46.25,46.52000045776367,46.209999084472656,46.970001220703125,46.310001373291016,45.810001373291016,45.599998474121094,45.970001220703125,45.7400016784668,45.400001525878906,46.369998931884766,46.58000183105469,46.130001068115234,44.95000076293945,45.150001525878906,45.720001220703125,47.09000015258789,47.290000915527344
44.70000076293945,45.970001220703125,45.5,44.97999954223633,42.70000076293945,41.439998626708984,41.939998626708984,42.619998931884766,42.18000030517578,41.45000076293945,41.70000076293945,41.540000915527344,41.290000915527344,42.22999954223633,42.45000076293945,41.959999084472656,42.060001373291016,41.310001373291016,41.40999984741211,41.08000183105469,40.70000076293945,40.68000030517578,41.0,41.630001068115234,42.27000045776367,41.33000183105469,41.810001373291016,42.220001220703125,41.599998474121094,43.849998474121094,43.900001525878906
42.27000045776367,41.33000183105469,41.810001373291016,42.220001220703125,41.599998474121094,43.849998474121094,43.900001525878906,44.75,44.349998474121094,44.65999984741211,44.849998474121094,45.77000045776367,45.5099983215332,45.9900016784668,45.4900016784668,45.09000015258789,45.099998474121094,45.54999923706055,45.560001373291016,45.439998626708984,44.9900016784668,45.0,45.060001373291016,45.060001373291016,44.630001068115234,45.15999984741211,44.88999938964844,44.59000015258789,44.77000045776367,45.560001373291016,44.900001525878906
44.349998474121094,44.65999984741211,44.849998474121094,45.77000045776367,45.5099983215332,45.9900016784668,45.4900016784668,45.09000015258789,45.099998474121094,45.54999923706055,45.560001373291016,45.439998626708984,44.9900016784668,45.0,45.060001373291016,45.060001373291016,44.630001068115234,45.15999984741211,44.88999938964844,44.59000015258789,44.77000045776367,45.560001373291016,44.900001525878906,44.66999816894531,44.880001068115234,44.689998626708984,44.310001373291016,44.56999969482422,45.40999984741211,45.84000015258789,45.95000076293945
37.599998474121094,37.630001068115234,36.66999816894531,36.5,37.369998931884766,37.47999954223633,38.15999984741211,37.959999084472656,37.29999923706055,37.369998931884766,36.709999084472656,36.45000076293945,35.59000015258789,35.88999938964844,35.66999816894531,35.61000061035156,34.880001068115234,35.560001373291016,35.560001373291016,35.06999969482422,36.02000045776367,36.470001220703125,35.29999923706055,35.0099983215332,35.27000045776367,34.720001220703125,35.029998779296875,35.36000061035156,34.790000915527344,35.58000183105469,35.08000183105469
36.66999816894531,36.5,37.369998931884766,37.47999954223633,38.15999984741211,37.959999084472656,37.29999923706055,37.369998931884766,36.709999084472656,36.45000076293945,35.59000015258789,35.88999938964844,35.66999816894531,35.61000061035156,34.880001068115234,35.560001373291016,35.560001373291016,35.06999969482422,36.02000045776367,36.470001220703125,35.29999923706055,35.0099983215332,35.27000045776367,34.720001220703125,35.029998779296875,35.36000061035156,34.790000915527344,35.58000183105469,35.08000183105469,35.709999084472656,35.689998626708984
35.029998779296875,35.36000061035156,34.790000915527344,35.58000183105469,35.08000183105469,35.709999084472656,35.689998626708984,35.63999938964844,35.56999969482422,35.41999816894531,34.790000915527344,34.56999969482422,34.040000915527344,33.13999938964844,32.84000015258789,31.959999084472656,32.369998931884766,32.650001525878906,33.380001068115234,33.93000030517578,33.90999984741211,35.099998474121094,35.95000076293945,36.900001525878906,36.880001068115234,35.959999084472656,36.77000045776367,36.75,36.15999984741211,39.11000061035156,39.08000183105469
39.11000061035156,39.08000183105469,39.2400016784668,39.220001220703125,38.7599983215332,38.779998779296875,38.08000183105469,38.7599983215332,38.459999084472656,38.43000030517578,38.5,38.650001525878906,39.75,39.779998779296875,39.36000061035156,38.2400016784668,37.95000076293945,38.63999938964844,39.13999938964844,39.040000915527344,38.11000061035156,38.90999984741211,38.540000915527344,38.040000915527344,38.459999084472656,38.279998779296875,38.63999938964844,38.290000915527344,38.29999923706055,39.599998474121094,40.02000045776367
38.29999923706055,39.599998474121094,40.02000045776367,40.380001068115234,40.56999969482422,40.91999816894531,40.900001525878906,40.41999816894531,41.0,41.11000061035156,41.97999954223633,41.970001220703125,42.529998779296875,43.0099983215332,43.5099983215332,43.29999923706055,43.650001525878906,44.54999923706055,44.59000015258789,44.06999969482422,44.310001373291016,45.130001068115234,44.2599983215332,43.88999938964844,44.2599983215332,44.650001525878906,44.54999923706055,44.7599983215332,44.18000030517578,44.790000915527344,45.31999969482422
43.97999954223633,44.18000030517578,44.33000183105469,43.939998626708984,44.47999954223633,44.41999816894531,45.15999984741211,45.33000183105469,45.380001068115234,45.689998626708984,48.34000015258789,48.33000183105469,47.79999923706055,47.91999816894531,47.68000030517578,47.91999816894531,47.470001220703125,46.869998931884766,46.380001068115234,47.97999954223633,47.720001220703125,47.959999084472656,47.619998931884766,47.099998474121094,48.06999969482422,47.70000076293945,47.279998779296875,46.81999969482422,47.88999938964844,48.4900016784668,48.81999969482422
47.959999084472656,47.619998931884766,47.099998474121094,48.06999969482422,47.70000076293945,47.279998779296875,46.81999969482422,47.88999938964844,48.4900016784668,48.81999969482422,48.31999969482422,48.470001220703125,48.880001068115234,49.08000183105469,49.47999954223633,49.119998931884766,49.18000030517578,49.09000015258789,49.650001525878906,49.459999084472656,49.439998626708984,49.9900016784668,49.9900016784668,49.439998626708984,49.61000061035156,49.86000061035156,49.9900016784668,49.72999954223633,49.4900016784668,50.18000030517578,50.970001220703125
58.63999938964844,58.540000915527344,59.0,59.189998626708984,58.2400016784668,57.0099983215332,57.79999923706055,59.02000045776367,59.58000183105469,58.040000915527344,57.099998474121094,58.84000015258789,58.150001525878906,57.58000183105469,57.150001525878906,55.0,54.040000915527344,53.61000061035156,53.47999954223633,53.0,50.5,52.31999969482422,51.709999084472656,53.630001068115234,52.4900016784668,52.45000076293945,53.720001220703125,52.75,52.18000030517578,53.90999984741211,54.5099983215332
54.040000915527344,53.61000061035156,53.47999954223633,53.0,50.5,52.31999969482422,51.709999084472656,53.630001068115234,52.4900016784668,52.45000076293945,53.720001220703125,52.75,52.18000030517578,53.90999984741211,54.5099983215332,54.83000183105469,54.470001220703125,53.11000061035156,52.58000183105469,53.540000915527344,53.22999954223633,53.630001068115234,53.400001525878906,52.25,52.68000030517578,52.599998474121094,53.13999938964844,53.290000915527344,53.41999816894531,55.27000045776367,56.939998626708984
53.630001068115234,53.400001525878906,52.25,52.68000030517578,52.599998474121094,53.13999938964844,53.290000915527344,53.41999816894531,55.27000045776367,56.939998626708984,56.81999969482422,57.220001220703125,58.18000030517578,57.58000183105469,57.09000015258789,57.2400016784668,56.4900016784668,56.08000183105469,56.130001068115234,56.56999969482422,56.65999984741211,56.90999984741211,56.59000015258789,57.34000015258789,57.119998931884766,56.70000076293945,56.349998474121094,56.45000076293945,57.29999923706055,57.380001068115234,56.380001068115234
53.290000915527344,53.41999816894531,55.27000045776367,56.939998626708984,56.81999969482422,57.220001220703125,58.18000030517578,57.58000183105469,57.09000015258789,57.2400016784668,56.4900016784668,56.08000183105469,56.130001068115234,56.56999969482422,56.65999984741211,56.90999984741211,56.59000015258789,57.34000015258789,57.119998931884766,56.70000076293945,56.349998474121094,56.45000076293945,57.29999923706055,57.380001068115234,56.380001068115234,56.310001373291016,56.9900016784668,57.16999816894531,57.349998474121094,58.59000015258789,57.150001525878906
53.630001068115234,53.400001525878906,52.25,52.68000030517578,52.599998474121094,53.13999938964844,53.290000915527344,53.41999816894531,55.27000045776367,56.939998626708984,56.81999969482422,57.220001220703125,58.18000030517578,57.58000183105469,57.09000015258789,57.2400016784668,56.4900016784668,56.08000183105469,56.130001068115234,56.56999969482422,56.65999984741211,56.90999984741211,56.59000015258789,57.34000015258789,57.119998931884766,56.70000076293945,56.349998474121094,56.45000076293945,57.29999923706055,57.380001068115234,56.380001068115234
53.290000915527344,53.41999816894531,55.27000045776367,56.939998626708984,56.81999969482422,57.220001220703125,58.18000030517578,57.58000183105469,57.09000015258789,57.2400016784668,56.4900016784668,56.08000183105469,56.130001068115234,56.56999969482422,56.65999984741211,56.90999984741211,56.59000015258789,57.34000015258789,57.119998931884766,56.70000076293945,56.349998474121094,56.45000076293945,57.29999923706055,57.380001068115234,56.380001068115234,56.310001373291016,56.9900016784668,57.16999816894531,57.349998474121094,58.59000015258789,57.150001525878906
56.349998474121094,56.45000076293945,57.29999923706055,57.380001068115234,56.380001068115234,56.310001373291016,56.9900016784668,57.16999816894531,57.349998474121094,58.59000015258789,57.150001525878906,57.79999923706055,57.040000915527344,56.47999954223633,56.5099983215332,56.29999923706055,55.869998931884766,54.599998474121094,54.400001525878906,55.58000183105469,54.099998474121094,52.9900016784668,52.689998626708984,53.47999954223633,54.43000030517578,53.9900016784668,54.959999084472656,54.189998626708984,54.75,55.45000076293945,55.43000030517578
57.880001068115234,58.13999938964844,58.70000076293945,59.2599983215332,59.36000061035156,58.2400016784668,56.52000045776367,56.09000015258789,54.91999816894531,54.959999084472656,55.279998779296875,56.97999954223633,57.29999923706055,56.939998626708984,57.459999084472656,56.810001373291016,56.540000915527344,54.59000015258789,54.9900016784668,54.779998779296875,54.119998931884766,53.0099983215332,53.72999954223633,51.25,51.02000045776367,47.290000915527344,49.88999938964844,47.2599983215332,49.54999923706055,50.5,51.2599983215332
55.66999816894531,54.27000045776367,54.47999954223633,52.029998779296875,51.86000061035156,53.939998626708984,53.11000061035156,54.79999923706055,54.72999954223633,54.34000015258789,54.4900016784668,54.83000183105469,54.45000076293945,54.06999969482422,55.18000030517578,54.779998779296875,54.189998626708984,53.099998474121094,52.54999923706055,52.61000061035156,51.91999816894531,54.11000061035156,53.4900016784668,54.380001068115234,54.630001068115234,54.869998931884766,54.34000015258789,54.849998474121094,54.70000076293945,55.27000045776367,55.83000183105469
58.0,58.7599983215332,57.790000915527344,59.400001525878906,58.939998626708984,56.790000915527344,56.5,56.77000045776367,57.02000045776367,57.0,55.130001068115234,55.63999938964844,53.560001373291016,53.91999816894531,54.90999984741211,54.29999923706055,55.68000030517578,55.66999816894531,56.2599983215332,56.25,55.310001373291016,55.31999969482422,55.16999816894531,54.369998931884766,53.72999954223633,54.97999954223633,54.36000061035156,54.459999084472656,56.04999923706055,58.439998626708984,57.68000030517578
62.31999969482422,63.4900016784668,62.470001220703125,61.90999984741211,61.790000915527344,62.06999969482422,62.650001525878906,62.63999938964844,61.400001525878906,60.38999938964844,59.779998779296875,59.209999084472656,58.88999938964844,59.290000915527344,60.36000061035156,60.97999954223633,59.959999084472656,58.75,58.68000030517578,58.310001373291016,57.630001068115234,57.43000030517578,59.040000915527344,58.61000061035156,59.72999954223633,59.29999923706055,60.43000030517578,60.369998931884766,58.119998931884766,60.66999816894531,61.619998931884766
65.63999938964844,65.63999938964844,66.30000305175781,66.62999725341797,67.97000122070312,66.66999816894531,66.79000091552734,66.6500015258789,66.69999694824219,67.04000091552734,66.75,66.56999969482422,64.97000122070312,64.55999755859375,64.72000122070312,65.73999786376953,65.3499984741211,65.91999816894531,65.66999816894531,66.62000274658203,66.68000030517578,66.94000244140625,66.0,66.25,65.97000122070312,65.80999755859375,65.16000366210938,65.86000061035156,65.95999908447266,67.29000091552734,67.02999877929688
63.86000061035156,63.970001220703125,64.12000274658203,64.11000061035156,64.63999938964844,64.81999969482422,65.31999969482422,65.54000091552734,65.63999938964844,66.61000061035156,66.0999984741211,65.76000213623047,65.2300033569336,63.90999984741211,64.26000213623047,64.06999969482422,64.11000061035156,64.18000030517578,63.47999954223633,63.22999954223633,63.709999084472656,63.150001525878906,62.970001220703125,62.099998474121094,62.029998779296875,61.65999984741211,61.11000061035156,61.959999084472656,61.380001068115234,62.06999969482422,62.380001068115234
63.47999954223633,63.22999954223633,63.709999084472656,63.150001525878906,62.970001220703125,62.099998474121094,62.029998779296875,61.65999984741211,61.11000061035156,61.959999084472656,61.380001068115234,62.06999969482422,62.380001068115234,61.90999984741211,60.91999816894531,60.66999816894531,59.880001068115234,61.810001373291016,61.27000045776367,61.08000183105469,61.09000015258789,60.959999084472656,60.91999816894531,60.90999984741211,60.95000076293945,59.9900016784668,59.38999938964844,60.439998626708984,61.29999923706055,62.02000045776367,61.279998779296875
61.959999084472656,61.380001068115234,62.06999969482422,62.380001068115234,61.90999984741211,60.91999816894531,60.66999816894531,59.880001068115234,61.810001373291016,61.27000045776367,61.08000183105469,61.09000015258789,60.959999084472656,60.91999816894531,60.90999984741211,60.95000076293945,59.9900016784668,59.38999938964844,60.439998626708984,61.29999923706055,62.02000045776367,61.279998779296875,61.849998474121094,62.650001525878906,61.119998931884766,61.459999084472656,62.209999084472656,62.29999923706055,61.38999938964844,63.41999816894531,64.61000061035156
61.38999938964844,63.41999816894531,64.61000061035156,64.23999786376953,64.51000213623047,64.55999755859375,65.2699966430664,66.75,66.25,65.58999633789062,65.20999908447266,66.3499984741211,66.2699966430664,66.45999908447266,67.25,66.95999908447266,66.94999694824219,66.9000015258789,66.33000183105469,66.70999908447266,66.56999969482422,67.12999725341797,67.1500015258789,66.94999694824219,66.0199966430664,66.55999755859375,66.70999908447266,66.27999877929688,66.75,67.27999877929688,67.83000183105469
65.58999633789062,65.20999908447266,66.3499984741211,66.2699966430664,66.45999908447266,67.25,66.95999908447266,66.94999694824219,66.9000015258789,66.33000183105469,66.70999908447266,66.56999969482422,67.12999725341797,67.1500015258789,66.94999694824219,66.0199966430664,66.55999755859375,66.70999908447266,66.27999877929688,66.75,67.27999877929688,67.83000183105469,68.0199966430664,69.30000305175781,70.08999633789062,68.08999633789062,68.80999755859375,68.58000183105469,68.08999633789062,69.41999816894531,69.63999938964844
68.9800033569336,68.51000213623047,68.75,68.87000274658203,67.37999725341797,67.31999969482422,67.48999786376953,67.68000030517578,67.11000061035156,68.0199966430664,67.19000244140625,66.3499984741211,65.70999908447266,66.83999633789062,67.55000305175781,67.75,68.16999816894531,68.87000274658203,68.69999694824219,68.4000015258789,68.7699966430664,68.91999816894531,67.04000091552734,66.94000244140625,68.2699966430664,68.54000091552734,68.93000030517578,69.04000091552734,69.48999786376953,69.9000015258789,69.56999969482422
67.11000061035156,68.0199966430664,67.19000244140625,66.3499984741211,65.70999908447266,66.83999633789062,67.55000305175781,67.75,68.16999816894531,68.87000274658203,68.69999694824219,68.4000015258789,68.7699966430664,68.91999816894531,67.04000091552734,66.94000244140625,68.2699966430664,68.54000091552734,68.93000030517578,69.04000091552734,69.48999786376953,69.9000015258789,69.56999969482422,69.01000213623047,69.73999786376953,67.08999633789062,67.44999694824219,67.62000274658203,68.51000213623047,70.02999877929688,71.22000122070312
70.02999877929688,71.22000122070312,72.16999816894531,71.94000244140625,71.83999633789062,71.02999877929688,71.70999908447266,72.95999908447266,72.48999786376953,73.6500015258789,73.55999755859375,73.58000183105469,73.44000244140625,73.30999755859375,73.18000030517578,73.2300033569336,73.76000213623047,73.37000274658203,73.37999725341797,73.01000213623047,72.7300033569336,72.58000183105469,72.79000091552734,72.91999816894531,73.18000030517578,72.43000030517578,72.91000366210938,72.83999633789062,73.04000091552734,73.4800033569336,73.80000305175781
77.0,76.79000091552734,77.06999969482422,76.70999908447266,76.97000122070312,75.62999725341797,74.73999786376953,77.0199966430664,77.44999694824219,76.80999755859375,78.0999984741211,78.19000244140625,77.73999786376953,78.55999755859375,78.30999755859375,79.05000305175781,79.27999877929688,78.86000061035156,80.0999984741211,80.13999938964844,80.55000305175781,78.52999877929688,78.08000183105469,78.88999938964844,79.93000030517578,78.06999969482422,78.01000213623047,79.13999938964844,79.48999786376953,80.18000030517578,81.31999969482422
79.55999755859375,79.87999725341797,80.45999908447266,80.22000122070312,80.19000244140625,80.44999694824219,80.4800033569336,80.4000015258789,79.91999816894531,79.66000366210938,80.37999725341797,79.94999694824219,79.18000030517578,79.20999908447266,79.33999633789062,79.11000061035156,78.6500015258789,79.16000366210938,79.19000244140625,79.75,79.86000061035156,79.43000030517578,78.77999877929688,78.05000305175781,78.7699966430664,78.98999786376953,79.19999694824219,79.7300033569336,80.16999816894531,80.98999786376953,80.81999969482422
79.13999938964844,79.48999786376953,80.18000030517578,81.31999969482422,80.93000030517578,80.61000061035156,80.70999908447266,77.87000274658203,77.61000061035156,78.05000305175781,78.5199966430664,78.70999908447266,78.98999786376953,78.98999786376953,79.55999755859375,79.30999755859375,79.33000183105469,79.5,79.5,79.97000122070312,80.37000274658203,80.41000366210938,79.77999877929688,79.41999816894531,79.80999755859375,79.86000061035156,79.66999816894531,79.55999755859375,79.87999725341797,80.45999908447266,80.22000122070312
79.55999755859375,79.87999725341797,80.45999908447266,80.22000122070312,80.19000244140625,80.44999694824219,80.4800033569336,80.4000015258789,79.91999816894531,79.66000366210938,80.37999725341797,79.94999694824219,79.18000030517578,79.20999908447266,79.33999633789062,79.11000061035156,78.6500015258789,79.16000366210938,79.19000244140625,79.75,79.86000061035156,79.43000030517578,78.77999877929688,78.05000305175781,78.7699966430664,78.98999786376953,79.19999694824219,79.7300033569336,80.16999816894531,80.98999786376953,80.81999969482422
79.13999938964844,79.48999786376953,80.18000030517578,81.31999969482422,80.93000030517578,80.61000061035156,80.70999908447266,77.87000274658203,77.61000061035156,78.05000305175781,78.5199966430664,78.70999908447266,78.98999786376953,78.98999786376953,79.55999755859375,79.30999755859375,79.33000183105469,79.5,79.5,79.97000122070312,80.37000274658203,80.41000366210938,79.77999877929688,79.41999816894531,79.80999755859375,79.86000061035156,79.66999816894531,79.55999755859375,79.87999725341797,80.45999908447266,80.22000122070312
79.55999755859375,79.87999725341797,80.45999908447266,80.22000122070312,80.19000244140625,80.44999694824219,80.4800033569336,80.4000015258789,79.91999816894531,79.66000366210938,80.37999725341797,79.94999694824219,79.18000030517578,79.20999908447266,79.33999633789062,79.11000061035156,78.6500015258789,79.16000366210938,79.19000244140625,79.75,79.86000061035156,79.43000030517578,78.77999877929688,78.05000305175781,78.7699966430664,78.98999786376953,79.19999694824219,79.7300033569336,80.16999816894531,80.98999786376953,80.81999969482422
79.18000030517578,79.20999908447266,79.33999633789062,79.11000061035156,78.6500015258789,79.16000366210938,79.19000244140625,79.75,79.86000061035156,79.43000030517578,78.77999877929688,78.05000305175781,78.7699966430664,78.98999786376953,79.19999694824219,79.7300033569336,80.16999816894531,80.98999786376953,80.81999969482422,80.6500015258789,80.7699966430664,80.43000030517578,79.5999984741211,79.5199966430664,79.44000244140625,79.62000274658203,78.11000061035156,79.38999938964844,79.66999816894531,81.52999877929688,81.5999984741211
78.98999786376953,79.19999694824219,79.7300033569336,80.16999816894531,80.98999786376953,80.81999969482422,80.6500015258789,80.7699966430664,80.43000030517578,79.5999984741211,79.5199966430664,79.44000244140625,79.62000274658203,78.11000061035156,79.38999938964844,79.66999816894531,81.52999877929688,81.5999984741211,76.16999816894531,76.0999984741211,75.83000183105469,75.30999755859375,76.04000091552734,73.72000122070312,72.55000305175781,73.26000213623047,72.75,72.88999938964844,72.48999786376953,73.87999725341797,74.7300033569336
72.48999786376953,73.87999725341797,74.7300033569336,74.13999938964844,74.5,74.76000213623047,74.41000366210938,75.02999877929688,75.12999725341797,76.44000244140625,76.7699966430664,76.81999969482422,76.58999633789062,77.01000213623047,76.97000122070312,76.33999633789062,76.0999984741211,75.05999755859375,74.88999938964844,75.11000061035156,75.80999755859375,75.9000015258789,75.83999633789062,75.93000030517578,76.11000061035156,75.33000183105469,75.08000183105469,75.70999908447266,75.83000183105469,76.44000244140625,75.52999877929688
76.97000122070312,76.33999633789062,76.0999984741211,75.05999755859375,74.88999938964844,75.11000061035156,75.80999755859375,75.9000015258789,75.83999633789062,75.93000030517578,76.11000061035156,75.33000183105469,75.08000183105469,75.70999908447266,75.83000183105469,76.44000244140625,75.52999877929688,76.29000091552734,75.83000183105469,76.23999786376953,74.80999755859375,75.05999755859375,74.81999969482422,74.7699966430664,73.87999725341797,73.66000366210938,74.86000061035156,74.72000122070312,73.51000213623047,75.19000244140625,74.08000183105469
75.9000015258789,75.83999633789062,75.93000030517578,76.11000061035156,75.33000183105469,75.08000183105469,75.70999908447266,75.83000183105469,76.44000244140625,75.52999877929688,76.29000091552734,75.83000183105469,76.23999786376953,74.80999755859375,75.05999755859375,74.81999969482422,74.7699966430664,73.87999725341797,73.66000366210938,74.86000061035156,74.72000122070312,73.51000213623047,75.19000244140625,74.08000183105469,71.22000122070312,70.70999908447266,71.86000061035156,71.19999694824219,71.13999938964844,72.43000030517578,73.2699966430664
71.98999786376953,70.58000183105469,70.37000274658203,70.30999755859375,72.20999908447266,73.36000061035156,73.43000030517578,74.55999755859375,74.5999984741211,74.66000366210938,75.62000274658203,74.98999786376953,75.0199966430664,74.33000183105469,74.27999877929688,73.93000030517578,72.87999725341797,73.7300033569336,74.51000213623047,74.41999816894531,73.56999969482422,72.97000122070312,72.22000122070312,71.37999725341797,71.29000091552734,72.4800033569336,71.58999633789062,71.91000366210938,72.18000030517578,72.61000061035156,71.7699966430664
69.81999969482422,70.2300033569336,69.83000183105469,70.04000091552734,70.06999969482422,68.97000122070312,67.20999908447266,67.16000366210938,67.02999877929688,68.87999725341797,69.33999633789062,69.43000030517578,67.97000122070312,67.76000213623047,67.31999969482422,67.26000213623047,68.80999755859375,69.16000366210938,68.7300033569336,68.97000122070312,68.45999908447266,67.91000366210938,67.11000061035156,68.63999938964844,68.56999969482422,68.94000244140625,68.33999633789062,68.23999786376953,69.2300033569336,69.6500015258789,68.66999816894531
70.0,69.81999969482422,70.2300033569336,69.83000183105469,70.04000091552734,70.06999969482422,68.97000122070312,67.20999908447266,67.16000366210938,67.02999877929688,68.87999725341797,69.33999633789062,69.43000030517578,67.97000122070312,67.76000213623047,67.31999969482422,67.26000213623047,68.80999755859375,69.16000366210938,68.7300033569336,68.97000122070312,68.45999908447266,67.91000366210938,67.11000061035156,68.63999938964844,68.56999969482422,68.94000244140625,68.33999633789062,68.23999786376953,69.2300033569336,69.6500015258789
69.43000030517578,67.97000122070312,67.76000213623047,67.31999969482422,67.26000213623047,68.80999755859375,69.16000366210938,68.7300033569336,68.97000122070312,68.45999908447266,67.91000366210938,67.11000061035156,68.63999938964844,68.56999969482422,68.94000244140625,68.33999633789062,68.23999786376953,69.2300033569336,69.6500015258789,68.66999816894531,68.0,68.41999816894531,69.05999755859375,68.37000274658203,67.80999755859375,68.43000030517578,69.41000366210938,69.05000305175781,68.79000091552734,69.7300033569336,70.5199966430664
67.02999877929688,68.87999725341797,69.33999633789062,69.43000030517578,67.97000122070312,67.76000213623047,67.31999969482422,67.26000213623047,68.80999755859375,69.16000366210938,68.7300033569336,68.97000122070312,68.45999908447266,67.91000366210938,67.11000061035156,68.63999938964844,68.56999969482422,68.94000244140625,68.33999633789062,68.23999786376953,69.2300033569336,69.6500015258789,68.66999816894531,68.0,68.41999816894531,69.05999755859375,68.37000274658203,67.80999755859375,68.43000030517578,69.41000366210938,69.05000305175781
68.45999908447266,67.91000366210938,67.11000061035156,68.63999938964844,68.56999969482422,68.94000244140625,68.33999633789062,68.23999786376953,69.2300033569336,69.6500015258789,68.66999816894531,68.0,68.41999816894531,69.05999755859375,68.37000274658203,67.80999755859375,68.43000030517578,69.41000366210938,69.05000305175781,68.79000091552734,69.7300033569336,70.5199966430664,71.05999755859375,70.41999816894531,69.62000274658203,69.27999877929688,70.08999633789062,69.51000213623047,69.36000061035156,71.0199966430664,70.5999984741211
66.83999633789062,67.30999755859375,67.5999984741211,67.02999877929688,66.62999725341797,66.45999908447266,66.55000305175781,67.36000061035156,66.87999725341797,67.36000061035156,66.9800033569336,65.3499984741211,65.26000213623047,64.66999816894531,62.619998931884766,62.630001068115234,62.900001525878906,63.11000061035156,63.11000061035156,62.79999923706055,61.90999984741211,61.86000061035156,62.72999954223633,63.43000030517578,63.939998626708984,63.880001068115234,64.55000305175781,64.33999633789062,63.790000915527344,65.13999938964844,64.19000244140625
64.41000366210938,64.38999938964844,64.43000030517578,63.45000076293945,63.880001068115234,62.84000015258789,63.02000045776367,63.150001525878906,62.54999923706055,62.58000183105469,62.029998779296875,61.90999984741211,62.06999969482422,61.31999969482422,61.18000030517578,60.150001525878906,57.61000061035156,55.279998779296875,53.880001068115234,56.65999984741211,57.36000061035156,57.45000076293945,56.58000183105469,55.02000045776367,55.86000061035156,55.54999923706055,54.290000915527344,55.20000076293945,54.31999969482422,55.33000183105469,54.65999984741211
53.939998626708984,53.560001373291016,53.27000045776367,53.220001220703125,52.540000915527344,52.43000030517578,53.72999954223633,53.18000030517578,55.06999969482422,56.22999954223633,56.31999969482422,56.61000061035156,57.65999984741211,57.779998779296875,57.790000915527344,57.5099983215332,58.630001068115234,59.2599983215332,59.90999984741211,59.099998474121094,59.0,58.970001220703125,60.43000030517578,60.72999954223633,59.209999084472656,59.279998779296875,60.27000045776367,60.0,59.41999816894531,60.63999938964844,60.869998931884766
56.61000061035156,57.65999984741211,57.779998779296875,57.790000915527344,57.5099983215332,58.630001068115234,59.2599983215332,59.90999984741211,59.099998474121094,59.0,58.970001220703125,60.43000030517578,60.72999954223633,59.209999084472656,59.279998779296875,60.27000045776367,60.0,59.41999816894531,60.63999938964844,60.869998931884766,60.2599983215332,51.06999969482422,53.41999816894531,52.939998626708984,52.27000045776367,52.849998474121094,52.58000183105469,51.939998626708984,52.77000045776367,52.97999954223633,48.0
48.59000015258789,48.56999969482422,47.459999084472656,46.83000183105469,48.02000045776367,48.06999969482422,47.540000915527344,47.43000030517578,48.7599983215332,49.06999969482422,49.040000915527344,49.54999923706055,49.58000183105469,50.880001068115234,50.40999984741211,49.9900016784668,50.119998931884766,49.13999938964844,48.63999938964844,46.13999938964844,45.880001068115234,46.06999969482422,46.52000045776367,46.099998474121094,47.72999954223633,45.81999969482422,46.09000015258789,45.93000030517578,47.04999923706055,48.06999969482422,47.58000183105469
50.119998931884766,49.13999938964844,48.63999938964844,46.13999938964844,45.880001068115234,46.06999969482422,46.52000045776367,46.099998474121094,47.72999954223633,45.81999969482422,46.09000015258789,45.93000030517578,47.04999923706055,48.06999969482422,47.58000183105469,48.52000045776367,47.529998779296875,43.59000015258789,45.34000015258789,46.11000061035156,43.150001525878906,44.72999954223633,45.65999984741211,44.02000045776367,43.88999938964844,43.61000061035156,42.959999084472656,43.0,44.560001373291016,46.72999954223633,48.40999984741211
52.849998474121094,52.380001068115234,52.65999984741211,53.29999923706055,52.459999084472656,51.95000076293945,52.02000045776367,52.220001220703125,52.09000015258789,51.630001068115234,51.29999923706055,51.380001068115234,51.59000015258789,52.209999084472656,52.02000045776367,50.9900016784668,50.86000061035156,50.189998626708984,50.689998626708984,50.9900016784668,51.13999938964844,50.880001068115234,50.650001525878906,50.06999969482422,50.619998931884766,50.029998779296875,50.560001373291016,51.0,50.81999969482422,51.91999816894531,51.81999969482422
50.790000915527344,52.11000061035156,52.849998474121094,52.380001068115234,52.65999984741211,53.29999923706055,52.459999084472656,51.95000076293945,52.02000045776367,52.220001220703125,52.09000015258789,51.630001068115234,51.29999923706055,51.380001068115234,51.59000015258789,52.209999084472656,52.02000045776367,50.9900016784668,50.86000061035156,50.189998626708984,50.689998626708984,50.9900016784668,51.13999938964844,50.880001068115234,50.650001525878906,50.06999969482422,50.619998931884766,50.029998779296875,50.560001373291016,51.0,50.81999969482422
51.0,50.81999969482422,51.91999816894531,51.81999969482422,51.060001373291016,51.54999923706055,51.83000183105469,52.09000015258789,51.66999816894531,52.63999938964844,52.43000030517578,52.90999984741211,52.900001525878906,52.130001068115234,50.52000045776367,51.11000061035156,50.72999954223633,50.4900016784668,51.130001068115234,50.91999816894531,51.20000076293945,52.150001525878906,52.150001525878906,51.5099983215332,51.31999969482422,51.90999984741211,51.9900016784668,52.790000915527344,52.7599983215332,54.52000045776367,54.18000030517578
51.95000076293945,52.02000045776367,52.220001220703125,52.09000015258789,51.630001068115234,51.29999923706055,51.380001068115234,51.59000015258789,52.209999084472656,52.02000045776367,50.9900016784668,50.86000061035156,50.189998626708984,50.689998626708984,50.9900016784668,51.13999938964844,50.880001068115234,50.650001525878906,50.06999969482422,50.619998931884766,50.029998779296875,50.560001373291016,51.0,50.81999969482422,51.91999816894531,51.81999969482422,51.060001373291016,51.54999923706055,51.83000183105469,52.09000015258789,51.66999816894531
51.0,50.81999969482422,51.91999816894531,51.81999969482422,51.060001373291016,51.54999923706055,51.83000183105469,52.09000015258789,51.66999816894531,52.63999938964844,52.43000030517578,52.90999984741211,52.900001525878906,52.130001068115234,50.52000045776367,51.11000061035156,50.72999954223633,50.4900016784668,51.130001068115234,50.91999816894531,51.20000076293945,52.150001525878906,52.150001525878906,51.5099983215332,51.31999969482422,51.90999984741211,51.9900016784668,52.790000915527344,52.7599983215332,54.52000045776367,54.18000030517578
50.86000061035156,50.189998626708984,50.689998626708984,50.9900016784668,51.13999938964844,50.880001068115234,50.650001525878906,50.06999969482422,50.619998931884766,50.029998779296875,50.560001373291016,51.0,50.81999969482422,51.91999816894531,51.81999969482422,51.060001373291016,51.54999923706055,51.83000183105469,52.09000015258789,51.66999816894531,52.63999938964844,52.43000030517578,52.90999984741211,52.900001525878906,52.130001068115234,50.52000045776367,51.11000061035156,50.72999954223633,50.4900016784668,51.130001068115234,50.91999816894531
50.029998779296875,50.560001373291016,51.0,50.81999969482422,51.91999816894531,51.81999969482422,51.060001373291016,51.54999923706055,51.83000183105469,52.09000015258789,51.66999816894531,52.63999938964844,52.43000030517578,52.90999984741211,52.900001525878906,52.130001068115234,50.52000045776367,51.11000061035156,50.72999954223633,50.4900016784668,51.130001068115234,50.91999816894531,51.20000076293945,52.150001525878906,52.150001525878906,51.5099983215332,51.31999969482422,51.90999984741211,51.9900016784668,52.790000915527344,52.7599983215332
67.25,66.08999633789062,66.05999755859375,65.69999694824219,65.69999694824219,65.19000244140625,66.0999984741211,65.79000091552734,67.33999633789062,67.93000030517578,68.05999755859375,67.70999908447266,68.19999694824219,70.08999633789062,68.4000015258789,68.72000122070312,68.33999633789062,67.08999633789062,66.94999694824219,66.7300033569336,68.45999908447266,68.2699966430664,67.87999725341797,66.30999755859375,66.87999725341797,65.93000030517578,66.7699966430664,66.30000305175781,66.66999816894531,67.30999755859375,67.0999984741211
68.19999694824219,70.08999633789062,68.4000015258789,68.72000122070312,68.33999633789062,67.08999633789062,66.94999694824219,66.7300033569336,68.45999908447266,68.2699966430664,67.87999725341797,66.30999755859375,66.87999725341797,65.93000030517578,66.7699966430664,66.30000305175781,66.66999816894531,67.30999755859375,67.0999984741211,68.30999755859375,68.12999725341797,68.29000091552734,67.0999984741211,66.7699966430664,68.12999725341797,64.16000366210938,65.83999633789062,66.36000061035156,67.44999694824219,68.33999633789062,68.55000305175781
56.900001525878906,54.04999923706055,54.2400016784668,53.61000061035156,53.43000030517578,53.150001525878906,52.65999984741211,52.97999954223633,52.880001068115234,53.27000045776367,52.88999938964844,52.880001068115234,54.0,54.93000030517578,55.47999954223633,56.4900016784668,56.880001068115234,56.459999084472656,56.75,57.099998474121094,57.13999938964844,57.220001220703125,56.72999954223633,56.47999954223633,57.0099983215332,56.369998931884766,56.439998626708984,56.45000076293945,56.72999954223633,57.77000045776367,57.970001220703125
56.5,56.68000030517578,56.470001220703125,56.529998779296875,56.31999969482422,56.52000045776367,55.349998474121094,53.38999938964844,52.790000915527344,52.88999938964844,52.66999816894531,52.61000061035156,52.65999984741211,52.5,52.810001373291016,53.0,53.040000915527344,53.209999084472656,53.7400016784668,53.599998474121094,53.290000915527344,54.4900016784668,54.90999984741211,54.93000030517578,54.619998931884766,55.150001525878906,55.33000183105469,54.68000030517578,55.31999969482422,55.400001525878906,55.95000076293945
57.27000045776367,58.619998931884766,58.58000183105469,58.86000061035156,58.20000076293945,57.529998779296875,58.119998931884766,57.04999923706055,57.4900016784668,57.540000915527344,57.0099983215332,56.93000030517578,56.81999969482422,57.61000061035156,56.790000915527344,56.33000183105469,56.470001220703125,56.90999984741211,56.560001373291016,55.43000030517578,56.15999984741211,55.08000183105469,55.220001220703125,54.95000076293945,55.45000076293945,54.790000915527344,55.349998474121094,55.63999938964844,55.33000183105469,56.20000076293945,56.22999954223633
57.52000045776367,57.34000015258789,57.27000045776367,58.619998931884766,58.58000183105469,58.86000061035156,58.20000076293945,57.529998779296875,58.119998931884766,57.04999923706055,57.4900016784668,57.540000915527344,57.0099983215332,56.93000030517578,56.81999969482422,57.61000061035156,56.790000915527344,56.33000183105469,56.470001220703125,56.90999984741211,56.560001373291016,55.43000030517578,56.15999984741211,55.08000183105469,55.220001220703125,54.95000076293945,55.45000076293945,54.790000915527344,55.349998474121094,55.63999938964844,55.33000183105469
54.95000076293945,55.45000076293945,54.790000915527344,55.349998474121094,55.63999938964844,55.33000183105469,56.20000076293945,56.22999954223633,56.810001373291016,56.459999084472656,56.290000915527344,56.779998779296875,53.970001220703125,53.84000015258789,53.220001220703125,53.27000045776367,53.13999938964844,52.4900016784668,52.880001068115234,53.189998626708984,53.40999984741211,53.16999816894531,52.95000076293945,52.619998931884766,52.70000076293945,52.290000915527344,52.77000045776367,52.34000015258789,52.720001220703125,53.54999923706055,53.869998931884766
52.029998779296875,51.810001373291016,51.810001373291016,52.119998931884766,52.27000045776367,52.04999923706055,50.029998779296875,50.45000076293945,50.380001068115234,49.63999938964844,50.56999969482422,50.900001525878906,51.0099983215332,51.47999954223633,52.189998626708984,52.25,52.29999923706055,51.97999954223633,52.029998779296875,52.09000015258789,51.619998931884766,51.130001068115234,51.54999923706055,51.75,51.84000015258789,51.880001068115234,52.02000045776367,51.959999084472656,52.349998474121094,52.4900016784668,52.880001068115234
62.52000045776367,64.0999984741211,65.48999786376953,64.5999984741211,64.56999969482422,66.48999786376953,66.0,65.61000061035156,66.11000061035156,66.72000122070312,66.47000122070312,66.66999816894531,68.12999725341797,68.91000366210938,68.13999938964844,68.37999725341797,66.5199966430664,66.33999633789062,65.48999786376953,64.55999755859375,64.69000244140625,64.9800033569336,65.2300033569336,64.23999786376953,65.18000030517578,64.86000061035156,64.9000015258789,64.69999694824219,64.76000213623047,65.37999725341797,64.5
66.47000122070312,66.66999816894531,68.12999725341797,68.91000366210938,68.13999938964844,68.37999725341797,66.5199966430664,66.33999633789062,65.48999786376953,64.55999755859375,64.69000244140625,64.9800033569336,65.2300033569336,64.23999786376953,65.18000030517578,64.86000061035156,64.9000015258789,64.69999694824219,64.76000213623047,65.37999725341797,64.5,64.5999984741211,64.38999938964844,64.7300033569336,64.30000305175781,64.54000091552734,64.37999725341797,64.0199966430664,65.19999694824219,65.94000244140625,66.02999877929688
65.37999725341797,68.25,68.0199966430664,68.05000305175781,68.04000091552734,68.66999816894531,68.33999633789062,67.9800033569336,67.41999816894531,68.52999877929688,67.31999969482422,66.98999786376953,68.25,66.80000305175781,66.06999969482422,61.72999954223633,64.4000015258789,65.04000091552734,62.41999816894531,63.9900016784668,65.66000366210938,65.69999694824219,66.58999633789062,65.27999877929688,64.8499984741211,63.9900016784668,63.400001525878906,62.18000030517578,63.31999969482422,66.9800033569336,66.33999633789062
58.81999969482422,59.08000183105469,59.959999084472656,58.22999954223633,58.38999938964844,58.119998931884766,58.61000061035156,58.709999084472656,58.97999954223633,59.84000015258789,60.63999938964844,60.2599983215332,59.93000030517578,59.790000915527344,59.220001220703125,59.459999084472656,59.86000061035156,59.20000076293945,58.70000076293945,58.790000915527344,58.75,58.5,57.04999923706055,56.45000076293945,55.16999816894531,55.900001525878906,56.119998931884766,56.18000030517578,55.33000183105469,57.380001068115234,57.84000015258789
73.69999694824219,73.58000183105469,72.73999786376953,71.76000213623047,71.70999908447266,72.02999877929688,72.5999984741211,73.3499984741211,72.63999938964844,72.37999725341797,71.20999908447266,70.93000030517578,70.12999725341797,66.7300033569336,64.29000091552734,64.29000091552734,64.16999816894531,66.12000274658203,66.0999984741211,65.1500015258789,65.36000061035156,66.12000274658203,66.37999725341797,62.619998931884766,63.20000076293945,62.47999954223633,62.16999816894531,63.18000030517578,62.88999938964844,63.709999084472656,63.33000183105469
55.72999954223633,55.56999969482422,56.650001525878906,58.11000061035156,58.2599983215332,59.13999938964844,57.72999954223633,57.11000061035156,55.9900016784668,57.2400016784668,57.349998474121094,57.720001220703125,58.09000015258789,57.619998931884766,57.0,57.779998779296875,56.689998626708984,56.369998931884766,54.849998474121094,53.650001525878906,55.959999084472656,56.09000015258789,56.810001373291016,56.90999984741211,57.400001525878906,55.70000076293945,56.599998474121094,56.439998626708984,55.95000076293945,56.61000061035156,56.79999923706055
54.849998474121094,53.650001525878906,55.959999084472656,56.09000015258789,56.810001373291016,56.90999984741211,57.400001525878906,55.70000076293945,56.599998474121094,56.439998626708984,55.95000076293945,56.61000061035156,56.79999923706055,57.5,57.29999923706055,55.72999954223633,55.27000045776367,54.77000045776367,55.27000045776367,54.290000915527344,51.77000045776367,50.810001373291016,51.29999923706055,50.63999938964844,49.400001525878906,50.16999816894531,49.52000045776367,49.61000061035156,49.689998626708984,50.72999954223633,51.099998474121094
58.09000015258789,57.68000030517578,57.86000061035156,57.9900016784668,57.7599983215332,57.439998626708984,56.33000183105469,55.900001525878906,56.95000076293945,57.18000030517578,70.44999694824219,79.08000183105469,79.88999938964844,81.97000122070312,86.72000122070312,86.83000183105469,85.06999969482422,86.63999938964844,87.25,86.12999725341797,86.37000274658203,87.13999938964844,89.29000091552734,88.25,85.19999694824219,84.54000091552734,83.77999877929688,85.83999633789062,83.88999938964844,86.12999725341797,86.26000213623047
86.63999938964844,87.25,86.12999725341797,86.37000274658203,87.13999938964844,89.29000091552734,88.25,85.19999694824219,84.54000091552734,83.77999877929688,85.83999633789062,83.88999938964844,86.12999725341797,86.26000213623047,82.80999755859375,81.5,76.62000274658203,77.75,69.30999755859375,68.26000213623047,66.20999908447266,65.37000274658203,65.76000213623047,66.58999633789062,66.81999969482422,66.66000366210938,68.44999694824219,67.0199966430664,67.58999633789062,68.69000244140625,70.54000091552734
84.88999938964844,85.29000091552734,84.62999725341797,84.80000305175781,83.55000305175781,82.44999694824219,80.58000183105469,82.08000183105469,82.58999633789062,83.81999969482422,84.91999816894531,84.12000274658203,86.98999786376953,89.05000305175781,87.83000183105469,88.43000030517578,88.31999969482422,87.9800033569336,88.48999786376953,88.8499984741211,88.44999694824219,88.7699966430664,88.4000015258789,88.80000305175781,88.43000030517578,88.2300033569336,88.69000244140625,87.0199966430664,86.51000213623047,88.97000122070312,88.70999908447266
90.0,91.72000122070312,90.02999877929688,89.5999984741211,88.02999877929688,90.55999755859375,89.47000122070312,87.02999877929688,83.31999969482422,80.22000122070312,79.66000366210938,75.94000244140625,78.30000305175781,80.55999755859375,78.55999755859375,81.80000305175781,79.16999816894531,77.47000122070312,72.63999938964844,78.88999938964844,74.62000274658203,67.0199966430664,75.80999755859375,64.4800033569336,68.86000061035156,61.189998626708984,65.0,60.90999984741211,62.529998779296875,65.45999908447266,63.08000183105469
75.98999786376953,76.8499984741211,76.16999816894531,74.30999755859375,71.83999633789062,74.68000030517578,73.80999755859375,76.04000091552734,75.9800033569336,75.29000091552734,78.97000122070312,78.66999816894531,75.63999938964844,75.68000030517578,77.62999725341797,78.87000274658203,78.83000183105469,80.55999755859375,80.4800033569336,78.41999816894531,78.0,79.87000274658203,75.7699966430664,79.94000244140625,78.08999633789062,80.62999725341797,78.0,78.69999694824219,78.0199966430664,79.29000091552734,78.11000061035156
76.16999816894531,74.30999755859375,71.83999633789062,74.68000030517578,73.80999755859375,76.04000091552734,75.9800033569336,75.29000091552734,78.97000122070312,78.66999816894531,75.63999938964844,75.68000030517578,77.62999725341797,78.87000274658203,78.83000183105469,80.55999755859375,80.4800033569336,78.41999816894531,78.0,79.87000274658203,75.7699966430664,79.94000244140625,78.08999633789062,80.62999725341797,78.0,78.69999694824219,78.0199966430664,79.29000091552734,78.11000061035156,80.87999725341797,79.7300033569336
91.37000274658203,89.75,91.01000213623047,84.0199966430664,85.23999786376953,86.38999938964844,89.5199966430664,89.94000244140625,89.91999816894531,88.80999755859375,89.12999725341797,89.3499984741211,89.13999938964844,88.95999908447266,88.0199966430664,89.01000213623047,91.20999908447266,89.77999877929688,91.87000274658203,92.91999816894531,92.13999938964844,93.52999877929688,93.25,92.51000213623047,91.33000183105469,92.37999725341797,92.55000305175781,91.19999694824219,92.2300033569336,93.16999816894531,92.30999755859375
113.73999786376953,112.18000030517578,112.02999877929688,111.04000091552734,110.66000366210938,113.0,115.91000366210938,115.94999694824219,116.04000091552734,116.0199966430664,118.19999694824219,119.0999984741211,122.01000213623047,123.18000030517578,116.43000030517578,115.97000122070312,109.7699966430664,114.0199966430664,112.44000244140625,113.41999816894531,113.45999908447266,116.58000183105469,114.55999755859375,114.87999725341797,110.69000244140625,111.91999816894531,113.81999969482422,110.56999969482422,112.19000244140625,114.5,118.47000122070312
128.4199981689453,128.3000030517578,128.5500030517578,128.3800048828125,128.8800048828125,126.19999694824219,125.91000366210938,121.58000183105469,126.44000244140625,123.36000061035156,123.97000122070312,125.44999694824219,128.97000122070312,145.41000366210938,145.00999450683594,142.61000061035156,140.11000061035156,147.69000244140625,143.91000366210938,144.25999450683594,149.07000732421875,148.74000549316406,147.0500030517578,147.52999877929688,146.02999877929688,143.82000732421875,145.92999267578125,144.0800018310547,143.8300018310547,147.1699981689453,151.25999450683594
152.33999633789062,148.5,152.42999267578125,151.19000244140625,155.6999969482422,156.63999938964844,156.11000061035156,154.4499969482422,157.4199981689453,160.85000610351562,157.08999633789062,163.77000427246094,164.60000610351562,164.75,162.4199981689453,164.39999389648438,162.5500030517578,153.6699981689453,155.5500030517578,156.27999877929688,161.5800018310547,164.77999877929688,162.3000030517578,147.97000122070312,145.83999633789062,147.3800048828125,146.11000061035156,145.5,145.55999755859375,147.97999572753906,147.16000366210938
131.63999938964844,133.64999389648438,133.9199981689453,129.75,131.02000427246094,134.08999633789062,132.52000427246094,127.18000030517578,127.27999877929688,132.99000549316406,131.27000427246094,130.11000061035156,132.58999633789062,137.7899932861328,140.3300018310547,138.05999755859375,139.42999267578125,140.33999633789062,140.57000732421875,137.44000244140625,137.3000030517578,134.75,137.83999633789062,138.2100067138672,135.25,133.39999389648438,136.19000244140625,132.97000122070312,135.42999267578125,138.9600067138672,138.00999450683594
